<configuration>

	<appender name="STDOUT" class="ch.qos.logback.core.ConsoleAppender">
		<encoder>
			<pattern>
				%d{HH:mm:ss.SSS} [%thread] %-5level %logger{36} - %msg%n
			</pattern>
		</encoder>
	</appender>

	<root level="DEBUG">
		<appender-ref ref="STDOUT" />
	</root>
	
	<logger name="org.openrdf" level="DEBUG"></logger>
	<logger name="eu.planetdata.srbench.oracle.Oracle" level="DEBUG"></logger>
	<logger name="eu.planetdata.srbench.oracle.result.OutputStreamResult" level="DEBUG"></logger>
	<logger name="eu.planetdata.srbench.oracle.s2r.Windower" level="DEBUG"></logger>
</configuration>