{"relations":[{"head":{"vars":["sensor","obs"]},"timestamp":12047,"results":{"bindings":[{"timestamp":12047,"binding":{"sensor":{"type":"uri","value":"http://knoesis.wright.edu/ssw/System_C1192"},"obs":{"type":"uri","value":"http://knoesis.wright.edu/ssw/Observation_AirTemperature_C1192_2004_08_08_07_05_00"}}}]}},{"head":{"vars":["sensor","obs"]},"timestamp":14160,"results":{"bindings":[{"timestamp":14160,"binding":{"sensor":{"type":"uri","value":"http://knoesis.wright.edu/ssw/System_C0837"},"obs":{"type":"uri","value":"http://knoesis.wright.edu/ssw/Observation_AirTemperature_C0837_2004_08_08_07_15_00"}}}]}},{"head":{"vars":["sensor","obs"]},"timestamp":15086,"results":{"bindings":[{"timestamp":15086,"binding":{"sensor":{"type":"uri","value":"http://knoesis.wright.edu/ssw/System_C1192"},"obs":{"type":"uri","value":"http://knoesis.wright.edu/ssw/Observation_AirTemperature_C1192_2004_08_08_07_20_00"}}}]}},{"head":{"vars":["sensor","obs"]},"timestamp":17130,"results":{"bindings":[{"timestamp":17130,"binding":{"sensor":{"type":"uri","value":"http://knoesis.wright.edu/ssw/System_C0837"},"obs":{"type":"uri","value":"http://knoesis.wright.edu/ssw/Observation_AirTemperature_C0837_2004_08_08_07_30_00"}}}]}},{"head":{"vars":["sensor","obs"]},"timestamp":18046,"results":{"bindings":[{"timestamp":18046,"binding":{"sensor":{"type":"uri","value":"http://knoesis.wright.edu/ssw/System_C1192"},"obs":{"type":"uri","value":"http://knoesis.wright.edu/ssw/Observation_AirTemperature_C1192_2004_08_08_07_35_00"}}}]}},{"head":{"vars":["sensor","obs"]},"timestamp":20173,"results":{"bindings":[{"timestamp":20173,"binding":{"sensor":{"type":"uri","value":"http://knoesis.wright.edu/ssw/System_C0837"},"obs":{"type":"uri","value":"http://knoesis.wright.edu/ssw/Observation_AirTemperature_C0837_2004_08_08_07_45_00"}}}]}},{"head":{"vars":["sensor","obs"]},"timestamp":21062,"results":{"bindings":[{"timestamp":21062,"binding":{"sensor":{"type":"uri","value":"http://knoesis.wright.edu/ssw/System_C1192"},"obs":{"type":"uri","value":"http://knoesis.wright.edu/ssw/Observation_AirTemperature_C1192_2004_08_08_07_50_00"}}}]}},{"head":{"vars":["sensor","obs"]},"timestamp":23117,"results":{"bindings":[{"timestamp":23117,"binding":{"sensor":{"type":"uri","value":"http://knoesis.wright.edu/ssw/System_C0837"},"obs":{"type":"uri","value":"http://knoesis.wright.edu/ssw/Observation_AirTemperature_C0837_2004_08_08_08_00_00"}}}]}},{"head":{"vars":["sensor","obs"]},"timestamp":24061,"results":{"bindings":[{"timestamp":24061,"binding":{"sensor":{"type":"uri","value":"http://knoesis.wright.edu/ssw/System_C1192"},"obs":{"type":"uri","value":"http://knoesis.wright.edu/ssw/Observation_AirTemperature_C1192_2004_08_08_08_05_00"}}}]}},{"head":{"vars":["sensor","obs"]},"timestamp":26104,"results":{"bindings":[{"timestamp":26104,"binding":{"sensor":{"type":"uri","value":"http://knoesis.wright.edu/ssw/System_C0837"},"obs":{"type":"uri","value":"http://knoesis.wright.edu/ssw/Observation_AirTemperature_C0837_2004_08_08_08_15_00"}}}]}},{"head":{"vars":["sensor","obs"]},"timestamp":27081,"results":{"bindings":[{"timestamp":27081,"binding":{"sensor":{"type":"uri","value":"http://knoesis.wright.edu/ssw/System_C1192"},"obs":{"type":"uri","value":"http://knoesis.wright.edu/ssw/Observation_AirTemperature_C1192_2004_08_08_08_20_00"}}}]}},{"head":{"vars":["sensor","obs"]},"timestamp":29101,"results":{"bindings":[{"timestamp":29101,"binding":{"sensor":{"type":"uri","value":"http://knoesis.wright.edu/ssw/System_C0837"},"obs":{"type":"uri","value":"http://knoesis.wright.edu/ssw/Observation_AirTemperature_C0837_2004_08_08_08_30_00"}}}]}},{"head":{"vars":["sensor","obs"]},"timestamp":30047,"results":{"bindings":[{"timestamp":30047,"binding":{"sensor":{"type":"uri","value":"http://knoesis.wright.edu/ssw/System_C1192"},"obs":{"type":"uri","value":"http://knoesis.wright.edu/ssw/Observation_AirTemperature_C1192_2004_08_08_08_35_00"}}}]}},{"head":{"vars":["sensor","obs"]},"timestamp":32105,"results":{"bindings":[{"timestamp":32105,"binding":{"sensor":{"type":"uri","value":"http://knoesis.wright.edu/ssw/System_C0837"},"obs":{"type":"uri","value":"http://knoesis.wright.edu/ssw/Observation_AirTemperature_C0837_2004_08_08_08_45_00"}}}]}},{"head":{"vars":["sensor","obs"]},"timestamp":33056,"results":{"bindings":[{"timestamp":33056,"binding":{"sensor":{"type":"uri","value":"http://knoesis.wright.edu/ssw/System_C1192"},"obs":{"type":"uri","value":"http://knoesis.wright.edu/ssw/Observation_AirTemperature_C1192_2004_08_08_08_50_00"}}}]}}]}