{"relations":[{"head":{"vars":["sensor","ob1","value1","obs"]},"timestamp":3227,"results":{"bindings":[{"timestamp":3227,"binding":{"sensor":{"type":"uri","value":"http://knoesis.wright.edu/ssw/System_C0694"},"obs":{"type":"uri","value":"http://knoesis.wright.edu/ssw/Observation_AirTemperature_C0694_2004_08_08_06_20_00"},"ob1":{"type":"uri","value":"http://knoesis.wright.edu/ssw/Observation_AirTemperature_C0694_2004_08_08_06_05_00"},"value1":{"datatype":"http://www.w3.org/2001/XMLSchema#double","type":"literal","value":"79"}}}]}},{"head":{"vars":["sensor","ob1","value1","obs"]},"timestamp":6106,"results":{"bindings":[{"timestamp":6106,"binding":{"sensor":{"type":"uri","value":"http://knoesis.wright.edu/ssw/System_C0694"},"obs":{"type":"uri","value":"http://knoesis.wright.edu/ssw/Observation_AirTemperature_C0694_2004_08_08_06_35_00"},"ob1":{"type":"uri","value":"http://knoesis.wright.edu/ssw/Observation_AirTemperature_C0694_2004_08_08_06_05_00"},"value1":{"datatype":"http://www.w3.org/2001/XMLSchema#double","type":"literal","value":"79"}}}]}},{"head":{"vars":["sensor","ob1","value1","obs"]},"timestamp":9072,"results":{"bindings":[{"timestamp":9072,"binding":{"sensor":{"type":"uri","value":"http://knoesis.wright.edu/ssw/System_C0900"},"obs":{"type":"uri","value":"http://knoesis.wright.edu/ssw/Observation_AirTemperature_C0900_2004_08_08_06_50_00"},"ob1":{"type":"uri","value":"http://knoesis.wright.edu/ssw/Observation_AirTemperature_C0900_2004_08_08_06_05_00"},"value1":{"datatype":"http://www.w3.org/2001/XMLSchema#double","type":"literal","value":"77"}}}]}},{"head":{"vars":["sensor","ob1","value1","obs"]},"timestamp":9074,"results":{"bindings":[{"timestamp":9074,"binding":{"sensor":{"type":"uri","value":"http://knoesis.wright.edu/ssw/System_C0900"},"obs":{"type":"uri","value":"http://knoesis.wright.edu/ssw/Observation_AirTemperature_C0900_2004_08_08_06_50_00"},"ob1":{"type":"uri","value":"http://knoesis.wright.edu/ssw/Observation_AirTemperature_C0900_2004_08_08_06_20_00"},"value1":{"datatype":"http://www.w3.org/2001/XMLSchema#double","type":"literal","value":"77"}}}]}},{"head":{"vars":["sensor","ob1","value1","obs"]},"timestamp":9076,"results":{"bindings":[{"timestamp":9076,"binding":{"sensor":{"type":"uri","value":"http://knoesis.wright.edu/ssw/System_C0900"},"obs":{"type":"uri","value":"http://knoesis.wright.edu/ssw/Observation_AirTemperature_C0900_2004_08_08_06_50_00"},"ob1":{"type":"uri","value":"http://knoesis.wright.edu/ssw/Observation_AirTemperature_C0900_2004_08_08_06_35_00"},"value1":{"datatype":"http://www.w3.org/2001/XMLSchema#double","type":"literal","value":"77"}}}]}},{"head":{"vars":["sensor","ob1","value1","obs"]},"timestamp":9087,"results":{"bindings":[{"timestamp":9087,"binding":{"sensor":{"type":"uri","value":"http://knoesis.wright.edu/ssw/System_C0694"},"obs":{"type":"uri","value":"http://knoesis.wright.edu/ssw/Observation_AirTemperature_C0694_2004_08_08_06_50_00"},"ob1":{"type":"uri","value":"http://knoesis.wright.edu/ssw/Observation_AirTemperature_C0694_2004_08_08_06_05_00"},"value1":{"datatype":"http://www.w3.org/2001/XMLSchema#double","type":"literal","value":"79"}}}]}},{"head":{"vars":["sensor","ob1","value1","obs"]},"timestamp":12084,"results":{"bindings":[{"timestamp":12084,"binding":{"sensor":{"type":"uri","value":"http://knoesis.wright.edu/ssw/System_C0694"},"obs":{"type":"uri","value":"http://knoesis.wright.edu/ssw/Observation_AirTemperature_C0694_2004_08_08_07_05_00"},"ob1":{"type":"uri","value":"http://knoesis.wright.edu/ssw/Observation_AirTemperature_C0694_2004_08_08_06_05_00"},"value1":{"datatype":"http://www.w3.org/2001/XMLSchema#double","type":"literal","value":"79"}}}]}},{"head":{"vars":["sensor","ob1","value1","obs"]},"timestamp":12140,"results":{"bindings":[{"timestamp":12140,"binding":{"sensor":{"type":"uri","value":"http://knoesis.wright.edu/ssw/System_C0900"},"obs":{"type":"uri","value":"http://knoesis.wright.edu/ssw/Observation_AirTemperature_C0900_2004_08_08_07_05_00"},"ob1":{"type":"uri","value":"http://knoesis.wright.edu/ssw/Observation_AirTemperature_C0900_2004_08_08_06_05_00"},"value1":{"datatype":"http://www.w3.org/2001/XMLSchema#double","type":"literal","value":"77"}}}]}},{"head":{"vars":["sensor","ob1","value1","obs"]},"timestamp":12147,"results":{"bindings":[{"timestamp":12147,"binding":{"sensor":{"type":"uri","value":"http://knoesis.wright.edu/ssw/System_C0900"},"obs":{"type":"uri","value":"http://knoesis.wright.edu/ssw/Observation_AirTemperature_C0900_2004_08_08_07_05_00"},"ob1":{"type":"uri","value":"http://knoesis.wright.edu/ssw/Observation_AirTemperature_C0900_2004_08_08_06_20_00"},"value1":{"datatype":"http://www.w3.org/2001/XMLSchema#double","type":"literal","value":"77"}}}]}},{"head":{"vars":["sensor","ob1","value1","obs"]},"timestamp":12150,"results":{"bindings":[{"timestamp":12150,"binding":{"sensor":{"type":"uri","value":"http://knoesis.wright.edu/ssw/System_C0900"},"obs":{"type":"uri","value":"http://knoesis.wright.edu/ssw/Observation_AirTemperature_C0900_2004_08_08_07_05_00"},"ob1":{"type":"uri","value":"http://knoesis.wright.edu/ssw/Observation_AirTemperature_C0900_2004_08_08_06_35_00"},"value1":{"datatype":"http://www.w3.org/2001/XMLSchema#double","type":"literal","value":"77"}}}]}},{"head":{"vars":["sensor","ob1","value1","obs"]},"timestamp":15080,"results":{"bindings":[{"timestamp":15080,"binding":{"sensor":{"type":"uri","value":"http://knoesis.wright.edu/ssw/System_C0694"},"obs":{"type":"uri","value":"http://knoesis.wright.edu/ssw/Observation_AirTemperature_C0694_2004_08_08_07_20_00"},"ob1":{"type":"uri","value":"http://knoesis.wright.edu/ssw/Observation_AirTemperature_C0694_2004_08_08_06_05_00"},"value1":{"datatype":"http://www.w3.org/2001/XMLSchema#double","type":"literal","value":"79"}}}]}},{"head":{"vars":["sensor","ob1","value1","obs"]},"timestamp":15114,"results":{"bindings":[{"timestamp":15114,"binding":{"sensor":{"type":"uri","value":"http://knoesis.wright.edu/ssw/System_C0900"},"obs":{"type":"uri","value":"http://knoesis.wright.edu/ssw/Observation_AirTemperature_C0900_2004_08_08_07_20_00"},"ob1":{"type":"uri","value":"http://knoesis.wright.edu/ssw/Observation_AirTemperature_C0900_2004_08_08_06_05_00"},"value1":{"datatype":"http://www.w3.org/2001/XMLSchema#double","type":"literal","value":"77"}}}]}},{"head":{"vars":["sensor","ob1","value1","obs"]},"timestamp":15117,"results":{"bindings":[{"timestamp":15117,"binding":{"sensor":{"type":"uri","value":"http://knoesis.wright.edu/ssw/System_C0900"},"obs":{"type":"uri","value":"http://knoesis.wright.edu/ssw/Observation_AirTemperature_C0900_2004_08_08_07_20_00"},"ob1":{"type":"uri","value":"http://knoesis.wright.edu/ssw/Observation_AirTemperature_C0900_2004_08_08_06_20_00"},"value1":{"datatype":"http://www.w3.org/2001/XMLSchema#double","type":"literal","value":"77"}}}]}},{"head":{"vars":["sensor","ob1","value1","obs"]},"timestamp":15120,"results":{"bindings":[{"timestamp":15120,"binding":{"sensor":{"type":"uri","value":"http://knoesis.wright.edu/ssw/System_C0900"},"obs":{"type":"uri","value":"http://knoesis.wright.edu/ssw/Observation_AirTemperature_C0900_2004_08_08_07_20_00"},"ob1":{"type":"uri","value":"http://knoesis.wright.edu/ssw/Observation_AirTemperature_C0900_2004_08_08_06_35_00"},"value1":{"datatype":"http://www.w3.org/2001/XMLSchema#double","type":"literal","value":"77"}}}]}},{"head":{"vars":["sensor","ob1","value1","obs"]},"timestamp":17175,"results":{"bindings":[{"timestamp":17175,"binding":{"sensor":{"type":"uri","value":"http://knoesis.wright.edu/ssw/System_C1204"},"obs":{"type":"uri","value":"http://knoesis.wright.edu/ssw/Observation_AirTemperature_C1204_2004_08_08_07_30_00"},"ob1":{"type":"uri","value":"http://knoesis.wright.edu/ssw/Observation_AirTemperature_C1204_2004_08_08_07_15_00"},"value1":{"datatype":"http://www.w3.org/2001/XMLSchema#double","type":"literal","value":"77"}}}]}},{"head":{"vars":["sensor","ob1","value1","obs"]},"timestamp":17201,"results":{"bindings":[{"timestamp":17201,"binding":{"sensor":{"type":"uri","value":"http://knoesis.wright.edu/ssw/System_C0964"},"obs":{"type":"uri","value":"http://knoesis.wright.edu/ssw/Observation_AirTemperature_C0964_2004_08_08_07_30_00"},"ob1":{"type":"uri","value":"http://knoesis.wright.edu/ssw/Observation_AirTemperature_C0964_2004_08_08_07_20_00"},"value1":{"datatype":"http://www.w3.org/2001/XMLSchema#double","type":"literal","value":"77"}}}]}},{"head":{"vars":["sensor","ob1","value1","obs"]},"timestamp":17235,"results":{"bindings":[{"timestamp":17235,"binding":{"sensor":{"type":"uri","value":"http://knoesis.wright.edu/ssw/System_C1190"},"obs":{"type":"uri","value":"http://knoesis.wright.edu/ssw/Observation_AirTemperature_C1190_2004_08_08_07_30_00"},"ob1":{"type":"uri","value":"http://knoesis.wright.edu/ssw/Observation_AirTemperature_C1190_2004_08_08_07_15_00"},"value1":{"datatype":"http://www.w3.org/2001/XMLSchema#double","type":"literal","value":"80"}}}]}},{"head":{"vars":["sensor","ob1","value1","obs"]},"timestamp":18089,"results":{"bindings":[{"timestamp":18089,"binding":{"sensor":{"type":"uri","value":"http://knoesis.wright.edu/ssw/System_C0694"},"obs":{"type":"uri","value":"http://knoesis.wright.edu/ssw/Observation_AirTemperature_C0694_2004_08_08_07_35_00"},"ob1":{"type":"uri","value":"http://knoesis.wright.edu/ssw/Observation_AirTemperature_C0694_2004_08_08_06_05_00"},"value1":{"datatype":"http://www.w3.org/2001/XMLSchema#double","type":"literal","value":"79"}}}]}},{"head":{"vars":["sensor","ob1","value1","obs"]},"timestamp":18109,"results":{"bindings":[{"timestamp":18109,"binding":{"sensor":{"type":"uri","value":"http://knoesis.wright.edu/ssw/System_C0900"},"obs":{"type":"uri","value":"http://knoesis.wright.edu/ssw/Observation_AirTemperature_C0900_2004_08_08_07_35_00"},"ob1":{"type":"uri","value":"http://knoesis.wright.edu/ssw/Observation_AirTemperature_C0900_2004_08_08_06_05_00"},"value1":{"datatype":"http://www.w3.org/2001/XMLSchema#double","type":"literal","value":"77"}}}]}},{"head":{"vars":["sensor","ob1","value1","obs"]},"timestamp":18114,"results":{"bindings":[{"timestamp":18114,"binding":{"sensor":{"type":"uri","value":"http://knoesis.wright.edu/ssw/System_C0900"},"obs":{"type":"uri","value":"http://knoesis.wright.edu/ssw/Observation_AirTemperature_C0900_2004_08_08_07_35_00"},"ob1":{"type":"uri","value":"http://knoesis.wright.edu/ssw/Observation_AirTemperature_C0900_2004_08_08_06_20_00"},"value1":{"datatype":"http://www.w3.org/2001/XMLSchema#double","type":"literal","value":"77"}}}]}},{"head":{"vars":["sensor","ob1","value1","obs"]},"timestamp":18118,"results":{"bindings":[{"timestamp":18118,"binding":{"sensor":{"type":"uri","value":"http://knoesis.wright.edu/ssw/System_C0900"},"obs":{"type":"uri","value":"http://knoesis.wright.edu/ssw/Observation_AirTemperature_C0900_2004_08_08_07_35_00"},"ob1":{"type":"uri","value":"http://knoesis.wright.edu/ssw/Observation_AirTemperature_C0900_2004_08_08_06_35_00"},"value1":{"datatype":"http://www.w3.org/2001/XMLSchema#double","type":"literal","value":"77"}}}]}},{"head":{"vars":["sensor","ob1","value1","obs"]},"timestamp":20151,"results":{"bindings":[{"timestamp":20151,"binding":{"sensor":{"type":"uri","value":"http://knoesis.wright.edu/ssw/System_C0762"},"obs":{"type":"uri","value":"http://knoesis.wright.edu/ssw/Observation_AirTemperature_C0762_2004_08_08_07_30_00"},"ob1":{"type":"uri","value":"http://knoesis.wright.edu/ssw/Observation_AirTemperature_C0762_2004_08_08_07_45_00"},"value1":{"datatype":"http://www.w3.org/2001/XMLSchema#double","type":"literal","value":"77"}}}]}},{"head":{"vars":["sensor","ob1","value1","obs"]},"timestamp":20175,"results":{"bindings":[{"timestamp":20175,"binding":{"sensor":{"type":"uri","value":"http://knoesis.wright.edu/ssw/System_C1204"},"obs":{"type":"uri","value":"http://knoesis.wright.edu/ssw/Observation_AirTemperature_C1204_2004_08_08_07_45_00"},"ob1":{"type":"uri","value":"http://knoesis.wright.edu/ssw/Observation_AirTemperature_C1204_2004_08_08_07_15_00"},"value1":{"datatype":"http://www.w3.org/2001/XMLSchema#double","type":"literal","value":"77"}}}]}},{"head":{"vars":["sensor","ob1","value1","obs"]},"timestamp":20196,"results":{"bindings":[{"timestamp":20196,"binding":{"sensor":{"type":"uri","value":"http://knoesis.wright.edu/ssw/System_C0777"},"obs":{"type":"uri","value":"http://knoesis.wright.edu/ssw/Observation_AirTemperature_C0777_2004_08_08_07_45_00"},"ob1":{"type":"uri","value":"http://knoesis.wright.edu/ssw/Observation_AirTemperature_C0777_2004_08_08_06_15_00"},"value1":{"datatype":"http://www.w3.org/2001/XMLSchema#double","type":"literal","value":"77"}}}]}},{"head":{"vars":["sensor","ob1","value1","obs"]},"timestamp":20200,"results":{"bindings":[{"timestamp":20200,"binding":{"sensor":{"type":"uri","value":"http://knoesis.wright.edu/ssw/System_C0777"},"obs":{"type":"uri","value":"http://knoesis.wright.edu/ssw/Observation_AirTemperature_C0777_2004_08_08_07_45_00"},"ob1":{"type":"uri","value":"http://knoesis.wright.edu/ssw/Observation_AirTemperature_C0777_2004_08_08_06_30_00"},"value1":{"datatype":"http://www.w3.org/2001/XMLSchema#double","type":"literal","value":"77"}}}]}},{"head":{"vars":["sensor","ob1","value1","obs"]},"timestamp":20204,"results":{"bindings":[{"timestamp":20204,"binding":{"sensor":{"type":"uri","value":"http://knoesis.wright.edu/ssw/System_C0777"},"obs":{"type":"uri","value":"http://knoesis.wright.edu/ssw/Observation_AirTemperature_C0777_2004_08_08_07_45_00"},"ob1":{"type":"uri","value":"http://knoesis.wright.edu/ssw/Observation_AirTemperature_C0777_2004_08_08_06_45_00"},"value1":{"datatype":"http://www.w3.org/2001/XMLSchema#double","type":"literal","value":"77"}}}]}},{"head":{"vars":["sensor","ob1","value1","obs"]},"timestamp":20208,"results":{"bindings":[{"timestamp":20208,"binding":{"sensor":{"type":"uri","value":"http://knoesis.wright.edu/ssw/System_C0777"},"obs":{"type":"uri","value":"http://knoesis.wright.edu/ssw/Observation_AirTemperature_C0777_2004_08_08_07_45_00"},"ob1":{"type":"uri","value":"http://knoesis.wright.edu/ssw/Observation_AirTemperature_C0777_2004_08_08_07_00_00"},"value1":{"datatype":"http://www.w3.org/2001/XMLSchema#double","type":"literal","value":"77"}}}]}},{"head":{"vars":["sensor","ob1","value1","obs"]},"timestamp":20213,"results":{"bindings":[{"timestamp":20213,"binding":{"sensor":{"type":"uri","value":"http://knoesis.wright.edu/ssw/System_C0777"},"obs":{"type":"uri","value":"http://knoesis.wright.edu/ssw/Observation_AirTemperature_C0777_2004_08_08_07_45_00"},"ob1":{"type":"uri","value":"http://knoesis.wright.edu/ssw/Observation_AirTemperature_C0777_2004_08_08_07_15_00"},"value1":{"datatype":"http://www.w3.org/2001/XMLSchema#double","type":"literal","value":"77"}}}]}},{"head":{"vars":["sensor","ob1","value1","obs"]},"timestamp":20219,"results":{"bindings":[{"timestamp":20219,"binding":{"sensor":{"type":"uri","value":"http://knoesis.wright.edu/ssw/System_C0777"},"obs":{"type":"uri","value":"http://knoesis.wright.edu/ssw/Observation_AirTemperature_C0777_2004_08_08_07_45_00"},"ob1":{"type":"uri","value":"http://knoesis.wright.edu/ssw/Observation_AirTemperature_C0777_2004_08_08_07_30_00"},"value1":{"datatype":"http://www.w3.org/2001/XMLSchema#double","type":"literal","value":"77"}}}]}},{"head":{"vars":["sensor","ob1","value1","obs"]},"timestamp":20240,"results":{"bindings":[{"timestamp":20240,"binding":{"sensor":{"type":"uri","value":"http://knoesis.wright.edu/ssw/System_C1190"},"obs":{"type":"uri","value":"http://knoesis.wright.edu/ssw/Observation_AirTemperature_C1190_2004_08_08_07_45_00"},"ob1":{"type":"uri","value":"http://knoesis.wright.edu/ssw/Observation_AirTemperature_C1190_2004_08_08_07_15_00"},"value1":{"datatype":"http://www.w3.org/2001/XMLSchema#double","type":"literal","value":"80"}}}]}},{"head":{"vars":["sensor","ob1","value1","obs"]},"timestamp":21080,"results":{"bindings":[{"timestamp":21080,"binding":{"sensor":{"type":"uri","value":"http://knoesis.wright.edu/ssw/System_C0694"},"obs":{"type":"uri","value":"http://knoesis.wright.edu/ssw/Observation_AirTemperature_C0694_2004_08_08_07_50_00"},"ob1":{"type":"uri","value":"http://knoesis.wright.edu/ssw/Observation_AirTemperature_C0694_2004_08_08_06_05_00"},"value1":{"datatype":"http://www.w3.org/2001/XMLSchema#double","type":"literal","value":"79"}}}]}},{"head":{"vars":["sensor","ob1","value1","obs"]},"timestamp":21089,"results":{"bindings":[{"timestamp":21089,"binding":{"sensor":{"type":"uri","value":"http://knoesis.wright.edu/ssw/System_C0900"},"obs":{"type":"uri","value":"http://knoesis.wright.edu/ssw/Observation_AirTemperature_C0900_2004_08_08_07_50_00"},"ob1":{"type":"uri","value":"http://knoesis.wright.edu/ssw/Observation_AirTemperature_C0900_2004_08_08_06_05_00"},"value1":{"datatype":"http://www.w3.org/2001/XMLSchema#double","type":"literal","value":"77"}}}]}},{"head":{"vars":["sensor","ob1","value1","obs"]},"timestamp":21094,"results":{"bindings":[{"timestamp":21094,"binding":{"sensor":{"type":"uri","value":"http://knoesis.wright.edu/ssw/System_C0900"},"obs":{"type":"uri","value":"http://knoesis.wright.edu/ssw/Observation_AirTemperature_C0900_2004_08_08_07_50_00"},"ob1":{"type":"uri","value":"http://knoesis.wright.edu/ssw/Observation_AirTemperature_C0900_2004_08_08_06_20_00"},"value1":{"datatype":"http://www.w3.org/2001/XMLSchema#double","type":"literal","value":"77"}}}]}},{"head":{"vars":["sensor","ob1","value1","obs"]},"timestamp":21099,"results":{"bindings":[{"timestamp":21099,"binding":{"sensor":{"type":"uri","value":"http://knoesis.wright.edu/ssw/System_C0900"},"obs":{"type":"uri","value":"http://knoesis.wright.edu/ssw/Observation_AirTemperature_C0900_2004_08_08_07_50_00"},"ob1":{"type":"uri","value":"http://knoesis.wright.edu/ssw/Observation_AirTemperature_C0900_2004_08_08_06_35_00"},"value1":{"datatype":"http://www.w3.org/2001/XMLSchema#double","type":"literal","value":"77"}}}]}},{"head":{"vars":["sensor","ob1","value1","obs"]},"timestamp":21123,"results":{"bindings":[{"timestamp":21123,"binding":{"sensor":{"type":"uri","value":"http://knoesis.wright.edu/ssw/System_C1231"},"obs":{"type":"uri","value":"http://knoesis.wright.edu/ssw/Observation_AirTemperature_C1231_2004_08_08_07_50_00"},"ob1":{"type":"uri","value":"http://knoesis.wright.edu/ssw/Observation_AirTemperature_C1231_2004_08_08_07_20_00"},"value1":{"datatype":"http://www.w3.org/2001/XMLSchema#double","type":"literal","value":"78"}}}]}},{"head":{"vars":["sensor","ob1","value1","obs"]},"timestamp":21126,"results":{"bindings":[{"timestamp":21126,"binding":{"sensor":{"type":"uri","value":"http://knoesis.wright.edu/ssw/System_C1231"},"obs":{"type":"uri","value":"http://knoesis.wright.edu/ssw/Observation_AirTemperature_C1231_2004_08_08_07_50_00"},"ob1":{"type":"uri","value":"http://knoesis.wright.edu/ssw/Observation_AirTemperature_C1231_2004_08_08_07_30_00"},"value1":{"datatype":"http://www.w3.org/2001/XMLSchema#double","type":"literal","value":"78"}}}]}},{"head":{"vars":["sensor","ob1","value1","obs"]},"timestamp":23193,"results":{"bindings":[{"timestamp":23193,"binding":{"sensor":{"type":"uri","value":"http://knoesis.wright.edu/ssw/System_C1231"},"obs":{"type":"uri","value":"http://knoesis.wright.edu/ssw/Observation_AirTemperature_C1231_2004_08_08_08_00_00"},"ob1":{"type":"uri","value":"http://knoesis.wright.edu/ssw/Observation_AirTemperature_C1231_2004_08_08_07_20_00"},"value1":{"datatype":"http://www.w3.org/2001/XMLSchema#double","type":"literal","value":"78"}}}]}},{"head":{"vars":["sensor","ob1","value1","obs"]},"timestamp":23196,"results":{"bindings":[{"timestamp":23196,"binding":{"sensor":{"type":"uri","value":"http://knoesis.wright.edu/ssw/System_C1231"},"obs":{"type":"uri","value":"http://knoesis.wright.edu/ssw/Observation_AirTemperature_C1231_2004_08_08_08_00_00"},"ob1":{"type":"uri","value":"http://knoesis.wright.edu/ssw/Observation_AirTemperature_C1231_2004_08_08_07_30_00"},"value1":{"datatype":"http://www.w3.org/2001/XMLSchema#double","type":"literal","value":"78"}}}]}},{"head":{"vars":["sensor","ob1","value1","obs"]},"timestamp":23283,"results":{"bindings":[{"timestamp":23283,"binding":{"sensor":{"type":"uri","value":"http://knoesis.wright.edu/ssw/System_C1190"},"obs":{"type":"uri","value":"http://knoesis.wright.edu/ssw/Observation_AirTemperature_C1190_2004_08_08_08_00_00"},"ob1":{"type":"uri","value":"http://knoesis.wright.edu/ssw/Observation_AirTemperature_C1190_2004_08_08_07_15_00"},"value1":{"datatype":"http://www.w3.org/2001/XMLSchema#double","type":"literal","value":"80"}}}]}},{"head":{"vars":["sensor","ob1","value1","obs"]},"timestamp":23287,"results":{"bindings":[{"timestamp":23287,"binding":{"sensor":{"type":"uri","value":"http://knoesis.wright.edu/ssw/System_C1190"},"obs":{"type":"uri","value":"http://knoesis.wright.edu/ssw/Observation_AirTemperature_C1190_2004_08_08_08_00_00"},"ob1":{"type":"uri","value":"http://knoesis.wright.edu/ssw/Observation_AirTemperature_C1190_2004_08_08_07_30_00"},"value1":{"datatype":"http://www.w3.org/2001/XMLSchema#double","type":"literal","value":"79"}}}]}},{"head":{"vars":["sensor","ob1","value1","obs"]},"timestamp":23297,"results":{"bindings":[{"timestamp":23297,"binding":{"sensor":{"type":"uri","value":"http://knoesis.wright.edu/ssw/System_C1190"},"obs":{"type":"uri","value":"http://knoesis.wright.edu/ssw/Observation_AirTemperature_C1190_2004_08_08_08_00_00"},"ob1":{"type":"uri","value":"http://knoesis.wright.edu/ssw/Observation_AirTemperature_C1190_2004_08_08_07_45_00"},"value1":{"datatype":"http://www.w3.org/2001/XMLSchema#double","type":"literal","value":"79"}}}]}},{"head":{"vars":["sensor","ob1","value1","obs"]},"timestamp":23324,"results":{"bindings":[{"timestamp":23324,"binding":{"sensor":{"type":"uri","value":"http://knoesis.wright.edu/ssw/System_C1204"},"obs":{"type":"uri","value":"http://knoesis.wright.edu/ssw/Observation_AirTemperature_C1204_2004_08_08_08_00_00"},"ob1":{"type":"uri","value":"http://knoesis.wright.edu/ssw/Observation_AirTemperature_C1204_2004_08_08_07_15_00"},"value1":{"datatype":"http://www.w3.org/2001/XMLSchema#double","type":"literal","value":"77"}}}]}},{"head":{"vars":["sensor","ob1","value1","obs"]},"timestamp":24107,"results":{"bindings":[{"timestamp":24107,"binding":{"sensor":{"type":"uri","value":"http://knoesis.wright.edu/ssw/System_C0900"},"obs":{"type":"uri","value":"http://knoesis.wright.edu/ssw/Observation_AirTemperature_C0900_2004_08_08_08_05_00"},"ob1":{"type":"uri","value":"http://knoesis.wright.edu/ssw/Observation_AirTemperature_C0900_2004_08_08_06_05_00"},"value1":{"datatype":"http://www.w3.org/2001/XMLSchema#double","type":"literal","value":"77"}}}]}},{"head":{"vars":["sensor","ob1","value1","obs"]},"timestamp":24111,"results":{"bindings":[{"timestamp":24111,"binding":{"sensor":{"type":"uri","value":"http://knoesis.wright.edu/ssw/System_C0900"},"obs":{"type":"uri","value":"http://knoesis.wright.edu/ssw/Observation_AirTemperature_C0900_2004_08_08_08_05_00"},"ob1":{"type":"uri","value":"http://knoesis.wright.edu/ssw/Observation_AirTemperature_C0900_2004_08_08_06_20_00"},"value1":{"datatype":"http://www.w3.org/2001/XMLSchema#double","type":"literal","value":"77"}}}]}},{"head":{"vars":["sensor","ob1","value1","obs"]},"timestamp":24115,"results":{"bindings":[{"timestamp":24115,"binding":{"sensor":{"type":"uri","value":"http://knoesis.wright.edu/ssw/System_C0900"},"obs":{"type":"uri","value":"http://knoesis.wright.edu/ssw/Observation_AirTemperature_C0900_2004_08_08_08_05_00"},"ob1":{"type":"uri","value":"http://knoesis.wright.edu/ssw/Observation_AirTemperature_C0900_2004_08_08_06_35_00"},"value1":{"datatype":"http://www.w3.org/2001/XMLSchema#double","type":"literal","value":"77"}}}]}},{"head":{"vars":["sensor","ob1","value1","obs"]},"timestamp":24134,"results":{"bindings":[{"timestamp":24134,"binding":{"sensor":{"type":"uri","value":"http://knoesis.wright.edu/ssw/System_C0694"},"obs":{"type":"uri","value":"http://knoesis.wright.edu/ssw/Observation_AirTemperature_C0694_2004_08_08_08_05_00"},"ob1":{"type":"uri","value":"http://knoesis.wright.edu/ssw/Observation_AirTemperature_C0694_2004_08_08_06_05_00"},"value1":{"datatype":"http://www.w3.org/2001/XMLSchema#double","type":"literal","value":"79"}}}]}},{"head":{"vars":["sensor","ob1","value1","obs"]},"timestamp":24153,"results":{"bindings":[{"timestamp":24153,"binding":{"sensor":{"type":"uri","value":"http://knoesis.wright.edu/ssw/System_C1275"},"obs":{"type":"uri","value":"http://knoesis.wright.edu/ssw/Observation_AirTemperature_C1275_2004_08_08_08_05_00"},"ob1":{"type":"uri","value":"http://knoesis.wright.edu/ssw/Observation_AirTemperature_C1275_2004_08_08_07_05_00"},"value1":{"datatype":"http://www.w3.org/2001/XMLSchema#double","type":"literal","value":"78"}}}]}},{"head":{"vars":["sensor","ob1","value1","obs"]},"timestamp":24156,"results":{"bindings":[{"timestamp":24156,"binding":{"sensor":{"type":"uri","value":"http://knoesis.wright.edu/ssw/System_C1275"},"obs":{"type":"uri","value":"http://knoesis.wright.edu/ssw/Observation_AirTemperature_C1275_2004_08_08_08_05_00"},"ob1":{"type":"uri","value":"http://knoesis.wright.edu/ssw/Observation_AirTemperature_C1275_2004_08_08_07_10_00"},"value1":{"datatype":"http://www.w3.org/2001/XMLSchema#double","type":"literal","value":"78"}}}]}},{"head":{"vars":["sensor","ob1","value1","obs"]},"timestamp":24161,"results":{"bindings":[{"timestamp":24161,"binding":{"sensor":{"type":"uri","value":"http://knoesis.wright.edu/ssw/System_C1275"},"obs":{"type":"uri","value":"http://knoesis.wright.edu/ssw/Observation_AirTemperature_C1275_2004_08_08_08_05_00"},"ob1":{"type":"uri","value":"http://knoesis.wright.edu/ssw/Observation_AirTemperature_C1275_2004_08_08_07_35_00"},"value1":{"datatype":"http://www.w3.org/2001/XMLSchema#double","type":"literal","value":"78"}}}]}},{"head":{"vars":["sensor","ob1","value1","obs"]},"timestamp":24167,"results":{"bindings":[{"timestamp":24167,"binding":{"sensor":{"type":"uri","value":"http://knoesis.wright.edu/ssw/System_C1275"},"obs":{"type":"uri","value":"http://knoesis.wright.edu/ssw/Observation_AirTemperature_C1275_2004_08_08_08_05_00"},"ob1":{"type":"uri","value":"http://knoesis.wright.edu/ssw/Observation_AirTemperature_C1275_2004_08_08_07_50_00"},"value1":{"datatype":"http://www.w3.org/2001/XMLSchema#double","type":"literal","value":"78"}}}]}},{"head":{"vars":["sensor","ob1","value1","obs"]},"timestamp":25062,"results":{"bindings":[{"timestamp":25062,"binding":{"sensor":{"type":"uri","value":"http://knoesis.wright.edu/ssw/System_C1275"},"obs":{"type":"uri","value":"http://knoesis.wright.edu/ssw/Observation_AirTemperature_C1275_2004_08_08_08_10_00"},"ob1":{"type":"uri","value":"http://knoesis.wright.edu/ssw/Observation_AirTemperature_C1275_2004_08_08_07_05_00"},"value1":{"datatype":"http://www.w3.org/2001/XMLSchema#double","type":"literal","value":"78"}}}]}},{"head":{"vars":["sensor","ob1","value1","obs"]},"timestamp":25066,"results":{"bindings":[{"timestamp":25066,"binding":{"sensor":{"type":"uri","value":"http://knoesis.wright.edu/ssw/System_C1275"},"obs":{"type":"uri","value":"http://knoesis.wright.edu/ssw/Observation_AirTemperature_C1275_2004_08_08_08_10_00"},"ob1":{"type":"uri","value":"http://knoesis.wright.edu/ssw/Observation_AirTemperature_C1275_2004_08_08_07_10_00"},"value1":{"datatype":"http://www.w3.org/2001/XMLSchema#double","type":"literal","value":"78"}}}]}},{"head":{"vars":["sensor","ob1","value1","obs"]},"timestamp":25068,"results":{"bindings":[{"timestamp":25068,"binding":{"sensor":{"type":"uri","value":"http://knoesis.wright.edu/ssw/System_C1275"},"obs":{"type":"uri","value":"http://knoesis.wright.edu/ssw/Observation_AirTemperature_C1275_2004_08_08_08_10_00"},"ob1":{"type":"uri","value":"http://knoesis.wright.edu/ssw/Observation_AirTemperature_C1275_2004_08_08_07_35_00"},"value1":{"datatype":"http://www.w3.org/2001/XMLSchema#double","type":"literal","value":"78"}}}]}},{"head":{"vars":["sensor","ob1","value1","obs"]},"timestamp":25070,"results":{"bindings":[{"timestamp":25070,"binding":{"sensor":{"type":"uri","value":"http://knoesis.wright.edu/ssw/System_C1275"},"obs":{"type":"uri","value":"http://knoesis.wright.edu/ssw/Observation_AirTemperature_C1275_2004_08_08_08_10_00"},"ob1":{"type":"uri","value":"http://knoesis.wright.edu/ssw/Observation_AirTemperature_C1275_2004_08_08_07_50_00"},"value1":{"datatype":"http://www.w3.org/2001/XMLSchema#double","type":"literal","value":"78"}}}]}},{"head":{"vars":["sensor","ob1","value1","obs"]},"timestamp":26163,"results":{"bindings":[{"timestamp":26163,"binding":{"sensor":{"type":"uri","value":"http://knoesis.wright.edu/ssw/System_C1141"},"obs":{"type":"uri","value":"http://knoesis.wright.edu/ssw/Observation_AirTemperature_C1141_2004_08_08_08_15_00"},"ob1":{"type":"uri","value":"http://knoesis.wright.edu/ssw/Observation_AirTemperature_C1141_2004_08_08_07_10_00"},"value1":{"datatype":"http://www.w3.org/2001/XMLSchema#double","type":"literal","value":"78"}}}]}},{"head":{"vars":["sensor","ob1","value1","obs"]},"timestamp":26165,"results":{"bindings":[{"timestamp":26165,"binding":{"sensor":{"type":"uri","value":"http://knoesis.wright.edu/ssw/System_C1141"},"obs":{"type":"uri","value":"http://knoesis.wright.edu/ssw/Observation_AirTemperature_C1141_2004_08_08_08_15_00"},"ob1":{"type":"uri","value":"http://knoesis.wright.edu/ssw/Observation_AirTemperature_C1141_2004_08_08_07_30_00"},"value1":{"datatype":"http://www.w3.org/2001/XMLSchema#double","type":"literal","value":"78"}}}]}},{"head":{"vars":["sensor","ob1","value1","obs"]},"timestamp":26167,"results":{"bindings":[{"timestamp":26167,"binding":{"sensor":{"type":"uri","value":"http://knoesis.wright.edu/ssw/System_C1141"},"obs":{"type":"uri","value":"http://knoesis.wright.edu/ssw/Observation_AirTemperature_C1141_2004_08_08_08_15_00"},"ob1":{"type":"uri","value":"http://knoesis.wright.edu/ssw/Observation_AirTemperature_C1141_2004_08_08_07_40_00"},"value1":{"datatype":"http://www.w3.org/2001/XMLSchema#double","type":"literal","value":"78"}}}]}},{"head":{"vars":["sensor","ob1","value1","obs"]},"timestamp":26169,"results":{"bindings":[{"timestamp":26169,"binding":{"sensor":{"type":"uri","value":"http://knoesis.wright.edu/ssw/System_C1141"},"obs":{"type":"uri","value":"http://knoesis.wright.edu/ssw/Observation_AirTemperature_C1141_2004_08_08_08_15_00"},"ob1":{"type":"uri","value":"http://knoesis.wright.edu/ssw/Observation_AirTemperature_C1141_2004_08_08_08_00_00"},"value1":{"datatype":"http://www.w3.org/2001/XMLSchema#double","type":"literal","value":"78"}}}]}},{"head":{"vars":["sensor","ob1","value1","obs"]},"timestamp":26180,"results":{"bindings":[{"timestamp":26180,"binding":{"sensor":{"type":"uri","value":"http://knoesis.wright.edu/ssw/System_C1190"},"obs":{"type":"uri","value":"http://knoesis.wright.edu/ssw/Observation_AirTemperature_C1190_2004_08_08_08_15_00"},"ob1":{"type":"uri","value":"http://knoesis.wright.edu/ssw/Observation_AirTemperature_C1190_2004_08_08_07_15_00"},"value1":{"datatype":"http://www.w3.org/2001/XMLSchema#double","type":"literal","value":"80"}}}]}},{"head":{"vars":["sensor","ob1","value1","obs"]},"timestamp":26182,"results":{"bindings":[{"timestamp":26182,"binding":{"sensor":{"type":"uri","value":"http://knoesis.wright.edu/ssw/System_C1190"},"obs":{"type":"uri","value":"http://knoesis.wright.edu/ssw/Observation_AirTemperature_C1190_2004_08_08_08_15_00"},"ob1":{"type":"uri","value":"http://knoesis.wright.edu/ssw/Observation_AirTemperature_C1190_2004_08_08_07_30_00"},"value1":{"datatype":"http://www.w3.org/2001/XMLSchema#double","type":"literal","value":"79"}}}]}},{"head":{"vars":["sensor","ob1","value1","obs"]},"timestamp":26185,"results":{"bindings":[{"timestamp":26185,"binding":{"sensor":{"type":"uri","value":"http://knoesis.wright.edu/ssw/System_C1190"},"obs":{"type":"uri","value":"http://knoesis.wright.edu/ssw/Observation_AirTemperature_C1190_2004_08_08_08_15_00"},"ob1":{"type":"uri","value":"http://knoesis.wright.edu/ssw/Observation_AirTemperature_C1190_2004_08_08_07_45_00"},"value1":{"datatype":"http://www.w3.org/2001/XMLSchema#double","type":"literal","value":"79"}}}]}},{"head":{"vars":["sensor","ob1","value1","obs"]},"timestamp":26187,"results":{"bindings":[{"timestamp":26187,"binding":{"sensor":{"type":"uri","value":"http://knoesis.wright.edu/ssw/System_C1190"},"obs":{"type":"uri","value":"http://knoesis.wright.edu/ssw/Observation_AirTemperature_C1190_2004_08_08_08_15_00"},"ob1":{"type":"uri","value":"http://knoesis.wright.edu/ssw/Observation_AirTemperature_C1190_2004_08_08_08_00_00"},"value1":{"datatype":"http://www.w3.org/2001/XMLSchema#double","type":"literal","value":"78"}}}]}},{"head":{"vars":["sensor","ob1","value1","obs"]},"timestamp":27090,"results":{"bindings":[{"timestamp":27090,"binding":{"sensor":{"type":"uri","value":"http://knoesis.wright.edu/ssw/System_C1231"},"obs":{"type":"uri","value":"http://knoesis.wright.edu/ssw/Observation_AirTemperature_C1231_2004_08_08_08_00_00"},"ob1":{"type":"uri","value":"http://knoesis.wright.edu/ssw/Observation_AirTemperature_C1231_2004_08_08_08_20_00"},"value1":{"datatype":"http://www.w3.org/2001/XMLSchema#double","type":"literal","value":"78"}}}]}},{"head":{"vars":["sensor","ob1","value1","obs"]},"timestamp":27119,"results":{"bindings":[{"timestamp":27119,"binding":{"sensor":{"type":"uri","value":"http://knoesis.wright.edu/ssw/System_C0694"},"obs":{"type":"uri","value":"http://knoesis.wright.edu/ssw/Observation_AirTemperature_C0694_2004_08_08_08_20_00"},"ob1":{"type":"uri","value":"http://knoesis.wright.edu/ssw/Observation_AirTemperature_C0694_2004_08_08_06_05_00"},"value1":{"datatype":"http://www.w3.org/2001/XMLSchema#double","type":"literal","value":"79"}}}]}},{"head":{"vars":["sensor","ob1","value1","obs"]},"timestamp":29166,"results":{"bindings":[{"timestamp":29166,"binding":{"sensor":{"type":"uri","value":"http://knoesis.wright.edu/ssw/System_C1190"},"obs":{"type":"uri","value":"http://knoesis.wright.edu/ssw/Observation_AirTemperature_C1190_2004_08_08_08_30_00"},"ob1":{"type":"uri","value":"http://knoesis.wright.edu/ssw/Observation_AirTemperature_C1190_2004_08_08_07_15_00"},"value1":{"datatype":"http://www.w3.org/2001/XMLSchema#double","type":"literal","value":"80"}}}]}},{"head":{"vars":["sensor","ob1","value1","obs"]},"timestamp":29168,"results":{"bindings":[{"timestamp":29168,"binding":{"sensor":{"type":"uri","value":"http://knoesis.wright.edu/ssw/System_C1190"},"obs":{"type":"uri","value":"http://knoesis.wright.edu/ssw/Observation_AirTemperature_C1190_2004_08_08_08_30_00"},"ob1":{"type":"uri","value":"http://knoesis.wright.edu/ssw/Observation_AirTemperature_C1190_2004_08_08_07_30_00"},"value1":{"datatype":"http://www.w3.org/2001/XMLSchema#double","type":"literal","value":"79"}}}]}},{"head":{"vars":["sensor","ob1","value1","obs"]},"timestamp":29170,"results":{"bindings":[{"timestamp":29170,"binding":{"sensor":{"type":"uri","value":"http://knoesis.wright.edu/ssw/System_C1190"},"obs":{"type":"uri","value":"http://knoesis.wright.edu/ssw/Observation_AirTemperature_C1190_2004_08_08_08_30_00"},"ob1":{"type":"uri","value":"http://knoesis.wright.edu/ssw/Observation_AirTemperature_C1190_2004_08_08_07_45_00"},"value1":{"datatype":"http://www.w3.org/2001/XMLSchema#double","type":"literal","value":"79"}}}]}},{"head":{"vars":["sensor","ob1","value1","obs"]},"timestamp":29172,"results":{"bindings":[{"timestamp":29172,"binding":{"sensor":{"type":"uri","value":"http://knoesis.wright.edu/ssw/System_C1190"},"obs":{"type":"uri","value":"http://knoesis.wright.edu/ssw/Observation_AirTemperature_C1190_2004_08_08_08_30_00"},"ob1":{"type":"uri","value":"http://knoesis.wright.edu/ssw/Observation_AirTemperature_C1190_2004_08_08_08_00_00"},"value1":{"datatype":"http://www.w3.org/2001/XMLSchema#double","type":"literal","value":"78"}}}]}},{"head":{"vars":["sensor","ob1","value1","obs"]},"timestamp":29261,"results":{"bindings":[{"timestamp":29261,"binding":{"sensor":{"type":"uri","value":"http://knoesis.wright.edu/ssw/System_C1122"},"obs":{"type":"uri","value":"http://knoesis.wright.edu/ssw/Observation_AirTemperature_C1122_2004_08_08_08_15_00"},"ob1":{"type":"uri","value":"http://knoesis.wright.edu/ssw/Observation_AirTemperature_C1122_2004_08_08_08_30_00"},"value1":{"datatype":"http://www.w3.org/2001/XMLSchema#double","type":"literal","value":"79"}}}]}},{"head":{"vars":["sensor","ob1","value1","obs"]},"timestamp":29321,"results":{"bindings":[{"timestamp":29321,"binding":{"sensor":{"type":"uri","value":"http://knoesis.wright.edu/ssw/System_C1141"},"obs":{"type":"uri","value":"http://knoesis.wright.edu/ssw/Observation_AirTemperature_C1141_2004_08_08_08_30_00"},"ob1":{"type":"uri","value":"http://knoesis.wright.edu/ssw/Observation_AirTemperature_C1141_2004_08_08_07_10_00"},"value1":{"datatype":"http://www.w3.org/2001/XMLSchema#double","type":"literal","value":"78"}}}]}},{"head":{"vars":["sensor","ob1","value1","obs"]},"timestamp":29325,"results":{"bindings":[{"timestamp":29325,"binding":{"sensor":{"type":"uri","value":"http://knoesis.wright.edu/ssw/System_C1141"},"obs":{"type":"uri","value":"http://knoesis.wright.edu/ssw/Observation_AirTemperature_C1141_2004_08_08_08_30_00"},"ob1":{"type":"uri","value":"http://knoesis.wright.edu/ssw/Observation_AirTemperature_C1141_2004_08_08_07_30_00"},"value1":{"datatype":"http://www.w3.org/2001/XMLSchema#double","type":"literal","value":"78"}}}]}},{"head":{"vars":["sensor","ob1","value1","obs"]},"timestamp":29328,"results":{"bindings":[{"timestamp":29328,"binding":{"sensor":{"type":"uri","value":"http://knoesis.wright.edu/ssw/System_C1141"},"obs":{"type":"uri","value":"http://knoesis.wright.edu/ssw/Observation_AirTemperature_C1141_2004_08_08_08_30_00"},"ob1":{"type":"uri","value":"http://knoesis.wright.edu/ssw/Observation_AirTemperature_C1141_2004_08_08_07_40_00"},"value1":{"datatype":"http://www.w3.org/2001/XMLSchema#double","type":"literal","value":"78"}}}]}},{"head":{"vars":["sensor","ob1","value1","obs"]},"timestamp":29331,"results":{"bindings":[{"timestamp":29331,"binding":{"sensor":{"type":"uri","value":"http://knoesis.wright.edu/ssw/System_C1141"},"obs":{"type":"uri","value":"http://knoesis.wright.edu/ssw/Observation_AirTemperature_C1141_2004_08_08_08_30_00"},"ob1":{"type":"uri","value":"http://knoesis.wright.edu/ssw/Observation_AirTemperature_C1141_2004_08_08_08_00_00"},"value1":{"datatype":"http://www.w3.org/2001/XMLSchema#double","type":"literal","value":"78"}}}]}},{"head":{"vars":["sensor","ob1","value1","obs"]},"timestamp":30075,"results":{"bindings":[{"timestamp":30075,"binding":{"sensor":{"type":"uri","value":"http://knoesis.wright.edu/ssw/System_C0694"},"obs":{"type":"uri","value":"http://knoesis.wright.edu/ssw/Observation_AirTemperature_C0694_2004_08_08_08_35_00"},"ob1":{"type":"uri","value":"http://knoesis.wright.edu/ssw/Observation_AirTemperature_C0694_2004_08_08_06_05_00"},"value1":{"datatype":"http://www.w3.org/2001/XMLSchema#double","type":"literal","value":"79"}}}]}},{"head":{"vars":["sensor","ob1","value1","obs"]},"timestamp":30087,"results":{"bindings":[{"timestamp":30087,"binding":{"sensor":{"type":"uri","value":"http://knoesis.wright.edu/ssw/System_C1275"},"obs":{"type":"uri","value":"http://knoesis.wright.edu/ssw/Observation_AirTemperature_C1275_2004_08_08_08_35_00"},"ob1":{"type":"uri","value":"http://knoesis.wright.edu/ssw/Observation_AirTemperature_C1275_2004_08_08_07_05_00"},"value1":{"datatype":"http://www.w3.org/2001/XMLSchema#double","type":"literal","value":"78"}}}]}},{"head":{"vars":["sensor","ob1","value1","obs"]},"timestamp":30089,"results":{"bindings":[{"timestamp":30089,"binding":{"sensor":{"type":"uri","value":"http://knoesis.wright.edu/ssw/System_C1275"},"obs":{"type":"uri","value":"http://knoesis.wright.edu/ssw/Observation_AirTemperature_C1275_2004_08_08_08_35_00"},"ob1":{"type":"uri","value":"http://knoesis.wright.edu/ssw/Observation_AirTemperature_C1275_2004_08_08_07_10_00"},"value1":{"datatype":"http://www.w3.org/2001/XMLSchema#double","type":"literal","value":"78"}}}]}},{"head":{"vars":["sensor","ob1","value1","obs"]},"timestamp":30091,"results":{"bindings":[{"timestamp":30091,"binding":{"sensor":{"type":"uri","value":"http://knoesis.wright.edu/ssw/System_C1275"},"obs":{"type":"uri","value":"http://knoesis.wright.edu/ssw/Observation_AirTemperature_C1275_2004_08_08_08_35_00"},"ob1":{"type":"uri","value":"http://knoesis.wright.edu/ssw/Observation_AirTemperature_C1275_2004_08_08_07_35_00"},"value1":{"datatype":"http://www.w3.org/2001/XMLSchema#double","type":"literal","value":"78"}}}]}},{"head":{"vars":["sensor","ob1","value1","obs"]},"timestamp":30095,"results":{"bindings":[{"timestamp":30095,"binding":{"sensor":{"type":"uri","value":"http://knoesis.wright.edu/ssw/System_C1275"},"obs":{"type":"uri","value":"http://knoesis.wright.edu/ssw/Observation_AirTemperature_C1275_2004_08_08_08_35_00"},"ob1":{"type":"uri","value":"http://knoesis.wright.edu/ssw/Observation_AirTemperature_C1275_2004_08_08_07_50_00"},"value1":{"datatype":"http://www.w3.org/2001/XMLSchema#double","type":"literal","value":"78"}}}]}},{"head":{"vars":["sensor","ob1","value1","obs"]},"timestamp":31073,"results":{"bindings":[{"timestamp":31073,"binding":{"sensor":{"type":"uri","value":"http://knoesis.wright.edu/ssw/System_C0694"},"obs":{"type":"uri","value":"http://knoesis.wright.edu/ssw/Observation_AirTemperature_C0694_2004_08_08_08_40_00"},"ob1":{"type":"uri","value":"http://knoesis.wright.edu/ssw/Observation_AirTemperature_C0694_2004_08_08_06_05_00"},"value1":{"datatype":"http://www.w3.org/2001/XMLSchema#double","type":"literal","value":"79"}}}]}},{"head":{"vars":["sensor","ob1","value1","obs"]},"timestamp":32138,"results":{"bindings":[{"timestamp":32138,"binding":{"sensor":{"type":"uri","value":"http://knoesis.wright.edu/ssw/System_C1190"},"obs":{"type":"uri","value":"http://knoesis.wright.edu/ssw/Observation_AirTemperature_C1190_2004_08_08_08_45_00"},"ob1":{"type":"uri","value":"http://knoesis.wright.edu/ssw/Observation_AirTemperature_C1190_2004_08_08_07_15_00"},"value1":{"datatype":"http://www.w3.org/2001/XMLSchema#double","type":"literal","value":"80"}}}]}},{"head":{"vars":["sensor","ob1","value1","obs"]},"timestamp":32141,"results":{"bindings":[{"timestamp":32141,"binding":{"sensor":{"type":"uri","value":"http://knoesis.wright.edu/ssw/System_C1190"},"obs":{"type":"uri","value":"http://knoesis.wright.edu/ssw/Observation_AirTemperature_C1190_2004_08_08_08_45_00"},"ob1":{"type":"uri","value":"http://knoesis.wright.edu/ssw/Observation_AirTemperature_C1190_2004_08_08_07_30_00"},"value1":{"datatype":"http://www.w3.org/2001/XMLSchema#double","type":"literal","value":"79"}}}]}},{"head":{"vars":["sensor","ob1","value1","obs"]},"timestamp":32143,"results":{"bindings":[{"timestamp":32143,"binding":{"sensor":{"type":"uri","value":"http://knoesis.wright.edu/ssw/System_C1190"},"obs":{"type":"uri","value":"http://knoesis.wright.edu/ssw/Observation_AirTemperature_C1190_2004_08_08_08_45_00"},"ob1":{"type":"uri","value":"http://knoesis.wright.edu/ssw/Observation_AirTemperature_C1190_2004_08_08_07_45_00"},"value1":{"datatype":"http://www.w3.org/2001/XMLSchema#double","type":"literal","value":"79"}}}]}},{"head":{"vars":["sensor","ob1","value1","obs"]},"timestamp":32145,"results":{"bindings":[{"timestamp":32145,"binding":{"sensor":{"type":"uri","value":"http://knoesis.wright.edu/ssw/System_C1190"},"obs":{"type":"uri","value":"http://knoesis.wright.edu/ssw/Observation_AirTemperature_C1190_2004_08_08_08_45_00"},"ob1":{"type":"uri","value":"http://knoesis.wright.edu/ssw/Observation_AirTemperature_C1190_2004_08_08_08_00_00"},"value1":{"datatype":"http://www.w3.org/2001/XMLSchema#double","type":"literal","value":"78"}}}]}},{"head":{"vars":["sensor","ob1","value1","obs"]},"timestamp":32204,"results":{"bindings":[{"timestamp":32204,"binding":{"sensor":{"type":"uri","value":"http://knoesis.wright.edu/ssw/System_C1141"},"obs":{"type":"uri","value":"http://knoesis.wright.edu/ssw/Observation_AirTemperature_C1141_2004_08_08_08_45_00"},"ob1":{"type":"uri","value":"http://knoesis.wright.edu/ssw/Observation_AirTemperature_C1141_2004_08_08_07_10_00"},"value1":{"datatype":"http://www.w3.org/2001/XMLSchema#double","type":"literal","value":"78"}}}]}},{"head":{"vars":["sensor","ob1","value1","obs"]},"timestamp":32208,"results":{"bindings":[{"timestamp":32208,"binding":{"sensor":{"type":"uri","value":"http://knoesis.wright.edu/ssw/System_C1141"},"obs":{"type":"uri","value":"http://knoesis.wright.edu/ssw/Observation_AirTemperature_C1141_2004_08_08_08_45_00"},"ob1":{"type":"uri","value":"http://knoesis.wright.edu/ssw/Observation_AirTemperature_C1141_2004_08_08_07_30_00"},"value1":{"datatype":"http://www.w3.org/2001/XMLSchema#double","type":"literal","value":"78"}}}]}},{"head":{"vars":["sensor","ob1","value1","obs"]},"timestamp":32210,"results":{"bindings":[{"timestamp":32210,"binding":{"sensor":{"type":"uri","value":"http://knoesis.wright.edu/ssw/System_C1141"},"obs":{"type":"uri","value":"http://knoesis.wright.edu/ssw/Observation_AirTemperature_C1141_2004_08_08_08_45_00"},"ob1":{"type":"uri","value":"http://knoesis.wright.edu/ssw/Observation_AirTemperature_C1141_2004_08_08_07_40_00"},"value1":{"datatype":"http://www.w3.org/2001/XMLSchema#double","type":"literal","value":"78"}}}]}},{"head":{"vars":["sensor","ob1","value1","obs"]},"timestamp":32212,"results":{"bindings":[{"timestamp":32212,"binding":{"sensor":{"type":"uri","value":"http://knoesis.wright.edu/ssw/System_C1141"},"obs":{"type":"uri","value":"http://knoesis.wright.edu/ssw/Observation_AirTemperature_C1141_2004_08_08_08_45_00"},"ob1":{"type":"uri","value":"http://knoesis.wright.edu/ssw/Observation_AirTemperature_C1141_2004_08_08_08_00_00"},"value1":{"datatype":"http://www.w3.org/2001/XMLSchema#double","type":"literal","value":"78"}}}]}},{"head":{"vars":["sensor","ob1","value1","obs"]},"timestamp":32233,"results":{"bindings":[{"timestamp":32233,"binding":{"sensor":{"type":"uri","value":"http://knoesis.wright.edu/ssw/System_C1122"},"obs":{"type":"uri","value":"http://knoesis.wright.edu/ssw/Observation_AirTemperature_C1122_2004_08_08_08_30_00"},"ob1":{"type":"uri","value":"http://knoesis.wright.edu/ssw/Observation_AirTemperature_C1122_2004_08_08_08_45_00"},"value1":{"datatype":"http://www.w3.org/2001/XMLSchema#double","type":"literal","value":"80"}}}]}},{"head":{"vars":["sensor","ob1","value1","obs"]},"timestamp":33080,"results":{"bindings":[{"timestamp":33080,"binding":{"sensor":{"type":"uri","value":"http://knoesis.wright.edu/ssw/System_C1231"},"obs":{"type":"uri","value":"http://knoesis.wright.edu/ssw/Observation_AirTemperature_C1231_2004_08_08_08_50_00"},"ob1":{"type":"uri","value":"http://knoesis.wright.edu/ssw/Observation_AirTemperature_C1231_2004_08_08_07_20_00"},"value1":{"datatype":"http://www.w3.org/2001/XMLSchema#double","type":"literal","value":"78"}}}]}},{"head":{"vars":["sensor","ob1","value1","obs"]},"timestamp":33082,"results":{"bindings":[{"timestamp":33082,"binding":{"sensor":{"type":"uri","value":"http://knoesis.wright.edu/ssw/System_C1231"},"obs":{"type":"uri","value":"http://knoesis.wright.edu/ssw/Observation_AirTemperature_C1231_2004_08_08_08_50_00"},"ob1":{"type":"uri","value":"http://knoesis.wright.edu/ssw/Observation_AirTemperature_C1231_2004_08_08_07_30_00"},"value1":{"datatype":"http://www.w3.org/2001/XMLSchema#double","type":"literal","value":"78"}}}]}},{"head":{"vars":["sensor","ob1","value1","obs"]},"timestamp":33085,"results":{"bindings":[{"timestamp":33085,"binding":{"sensor":{"type":"uri","value":"http://knoesis.wright.edu/ssw/System_C1231"},"obs":{"type":"uri","value":"http://knoesis.wright.edu/ssw/Observation_AirTemperature_C1231_2004_08_08_08_50_00"},"ob1":{"type":"uri","value":"http://knoesis.wright.edu/ssw/Observation_AirTemperature_C1231_2004_08_08_08_20_00"},"value1":{"datatype":"http://www.w3.org/2001/XMLSchema#double","type":"literal","value":"78"}}}]}},{"head":{"vars":["sensor","ob1","value1","obs"]},"timestamp":33086,"results":{"bindings":[{"timestamp":33086,"binding":{"sensor":{"type":"uri","value":"http://knoesis.wright.edu/ssw/System_C1231"},"obs":{"type":"uri","value":"http://knoesis.wright.edu/ssw/Observation_AirTemperature_C1231_2004_08_08_08_50_00"},"ob1":{"type":"uri","value":"http://knoesis.wright.edu/ssw/Observation_AirTemperature_C1231_2004_08_08_08_30_00"},"value1":{"datatype":"http://www.w3.org/2001/XMLSchema#double","type":"literal","value":"78"}}}]}}]}