{
  "relations": [
    {
      "head": {
        "vars": [
          "sensor",
          "obs"
        ]
      },
      "timestamp": 12079,
      "results": {
        "bindings": [
          {
            "timestamp": 12079,
            "binding": {
              "sensor": {
                "type": "uri",
                "value": "http://knoesis.wright.edu/ssw/System_C1192"
              },
              "obs": {
                "type": "uri",
                "value": "http://knoesis.wright.edu/ssw/Observation_AirTemperature_C1192_2004_08_08_07_05_00"
              }
            }
          }
        ]
      }
    },
    {
      "head": {
        "vars": [
          "sensor",
          "obs"
        ]
      },
      "timestamp": 14171,
      "results": {
        "bindings": [
          {
            "timestamp": 14171,
            "binding": {
              "sensor": {
                "type": "uri",
                "value": "http://knoesis.wright.edu/ssw/System_C0837"
              },
              "obs": {
                "type": "uri",
                "value": "http://knoesis.wright.edu/ssw/Observation_AirTemperature_C0837_2004_08_08_07_15_00"
              }
            }
          }
        ]
      }
    },
    {
      "head": {
        "vars": [
          "sensor",
          "obs"
        ]
      },
      "timestamp": 15121,
      "results": {
        "bindings": [
          {
            "timestamp": 15121,
            "binding": {
              "sensor": {
                "type": "uri",
                "value": "http://knoesis.wright.edu/ssw/System_C1192"
              },
              "obs": {
                "type": "uri",
                "value": "http://knoesis.wright.edu/ssw/Observation_AirTemperature_C1192_2004_08_08_07_20_00"
              }
            }
          }
        ]
      }
    },
    {
      "head": {
        "vars": [
          "sensor",
          "obs"
        ]
      },
      "timestamp": 17143,
      "results": {
        "bindings": [
          {
            "timestamp": 17143,
            "binding": {
              "sensor": {
                "type": "uri",
                "value": "http://knoesis.wright.edu/ssw/System_C0837"
              },
              "obs": {
                "type": "uri",
                "value": "http://knoesis.wright.edu/ssw/Observation_AirTemperature_C0837_2004_08_08_07_30_00"
              }
            }
          }
        ]
      }
    },
    {
      "head": {
        "vars": [
          "sensor",
          "obs"
        ]
      },
      "timestamp": 18079,
      "results": {
        "bindings": [
          {
            "timestamp": 18079,
            "binding": {
              "sensor": {
                "type": "uri",
                "value": "http://knoesis.wright.edu/ssw/System_C1192"
              },
              "obs": {
                "type": "uri",
                "value": "http://knoesis.wright.edu/ssw/Observation_AirTemperature_C1192_2004_08_08_07_35_00"
              }
            }
          }
        ]
      }
    },
    {
      "head": {
        "vars": [
          "sensor",
          "obs"
        ]
      },
      "timestamp": 20147,
      "results": {
        "bindings": [
          {
            "timestamp": 20147,
            "binding": {
              "sensor": {
                "type": "uri",
                "value": "http://knoesis.wright.edu/ssw/System_C0837"
              },
              "obs": {
                "type": "uri",
                "value": "http://knoesis.wright.edu/ssw/Observation_AirTemperature_C0837_2004_08_08_07_45_00"
              }
            }
          }
        ]
      }
    },
    {
      "head": {
        "vars": [
          "sensor",
          "obs"
        ]
      },
      "timestamp": 21080,
      "results": {
        "bindings": [
          {
            "timestamp": 21080,
            "binding": {
              "sensor": {
                "type": "uri",
                "value": "http://knoesis.wright.edu/ssw/System_C1192"
              },
              "obs": {
                "type": "uri",
                "value": "http://knoesis.wright.edu/ssw/Observation_AirTemperature_C1192_2004_08_08_07_50_00"
              }
            }
          }
        ]
      }
    },
    {
      "head": {
        "vars": [
          "sensor",
          "obs"
        ]
      },
      "timestamp": 23133,
      "results": {
        "bindings": [
          {
            "timestamp": 23133,
            "binding": {
              "sensor": {
                "type": "uri",
                "value": "http://knoesis.wright.edu/ssw/System_C0837"
              },
              "obs": {
                "type": "uri",
                "value": "http://knoesis.wright.edu/ssw/Observation_AirTemperature_C0837_2004_08_08_08_00_00"
              }
            }
          }
        ]
      }
    },
    {
      "head": {
        "vars": [
          "sensor",
          "obs"
        ]
      },
      "timestamp": 24088,
      "results": {
        "bindings": [
          {
            "timestamp": 24088,
            "binding": {
              "sensor": {
                "type": "uri",
                "value": "http://knoesis.wright.edu/ssw/System_C1192"
              },
              "obs": {
                "type": "uri",
                "value": "http://knoesis.wright.edu/ssw/Observation_AirTemperature_C1192_2004_08_08_08_05_00"
              }
            }
          }
        ]
      }
    },
    {
      "head": {
        "vars": [
          "sensor",
          "obs"
        ]
      },
      "timestamp": 26110,
      "results": {
        "bindings": [
          {
            "timestamp": 26110,
            "binding": {
              "sensor": {
                "type": "uri",
                "value": "http://knoesis.wright.edu/ssw/System_C0837"
              },
              "obs": {
                "type": "uri",
                "value": "http://knoesis.wright.edu/ssw/Observation_AirTemperature_C0837_2004_08_08_08_15_00"
              }
            }
          }
        ]
      }
    },
    {
      "head": {
        "vars": [
          "sensor",
          "obs"
        ]
      },
      "timestamp": 27077,
      "results": {
        "bindings": [
          {
            "timestamp": 27077,
            "binding": {
              "sensor": {
                "type": "uri",
                "value": "http://knoesis.wright.edu/ssw/System_C1192"
              },
              "obs": {
                "type": "uri",
                "value": "http://knoesis.wright.edu/ssw/Observation_AirTemperature_C1192_2004_08_08_08_20_00"
              }
            }
          }
        ]
      }
    },
    {
      "head": {
        "vars": [
          "sensor",
          "obs"
        ]
      },
      "timestamp": 29126,
      "results": {
        "bindings": [
          {
            "timestamp": 29126,
            "binding": {
              "sensor": {
                "type": "uri",
                "value": "http://knoesis.wright.edu/ssw/System_C0837"
              },
              "obs": {
                "type": "uri",
                "value": "http://knoesis.wright.edu/ssw/Observation_AirTemperature_C0837_2004_08_08_08_30_00"
              }
            }
          }
        ]
      }
    },
    {
      "head": {
        "vars": [
          "sensor",
          "obs"
        ]
      },
      "timestamp": 30079,
      "results": {
        "bindings": [
          {
            "timestamp": 30079,
            "binding": {
              "sensor": {
                "type": "uri",
                "value": "http://knoesis.wright.edu/ssw/System_C1192"
              },
              "obs": {
                "type": "uri",
                "value": "http://knoesis.wright.edu/ssw/Observation_AirTemperature_C1192_2004_08_08_08_35_00"
              }
            }
          }
        ]
      }
    },
    {
      "head": {
        "vars": [
          "sensor",
          "obs"
        ]
      },
      "timestamp": 32126,
      "results": {
        "bindings": [
          {
            "timestamp": 32126,
            "binding": {
              "sensor": {
                "type": "uri",
                "value": "http://knoesis.wright.edu/ssw/System_C0837"
              },
              "obs": {
                "type": "uri",
                "value": "http://knoesis.wright.edu/ssw/Observation_AirTemperature_C0837_2004_08_08_08_45_00"
              }
            }
          }
        ]
      }
    },
    {
      "head": {
        "vars": [
          "sensor",
          "obs"
        ]
      },
      "timestamp": 33081,
      "results": {
        "bindings": [
          {
            "timestamp": 33081,
            "binding": {
              "sensor": {
                "type": "uri",
                "value": "http://knoesis.wright.edu/ssw/System_C1192"
              },
              "obs": {
                "type": "uri",
                "value": "http://knoesis.wright.edu/ssw/Observation_AirTemperature_C1192_2004_08_08_08_50_00"
              }
            }
          }
        ]
      }
    }
  ]
}