{"relations":[{"head":{"vars":["sensor","obs"]},"timestamp":12071,"results":{"bindings":[{"timestamp":12071,"binding":{"sensor":{"type":"uri","value":"http://knoesis.wright.edu/ssw/System_C1192"},"obs":{"type":"uri","value":"http://knoesis.wright.edu/ssw/Observation_AirTemperature_C1192_2004_08_08_07_05_00"}}}]}},{"head":{"vars":["sensor","obs"]},"timestamp":14166,"results":{"bindings":[{"timestamp":14166,"binding":{"sensor":{"type":"uri","value":"http://knoesis.wright.edu/ssw/System_C0837"},"obs":{"type":"uri","value":"http://knoesis.wright.edu/ssw/Observation_AirTemperature_C0837_2004_08_08_07_15_00"}}}]}},{"head":{"vars":["sensor","obs"]},"timestamp":15078,"results":{"bindings":[{"timestamp":15078,"binding":{"sensor":{"type":"uri","value":"http://knoesis.wright.edu/ssw/System_C1192"},"obs":{"type":"uri","value":"http://knoesis.wright.edu/ssw/Observation_AirTemperature_C1192_2004_08_08_07_20_00"}}}]}},{"head":{"vars":["sensor","obs"]},"timestamp":17134,"results":{"bindings":[{"timestamp":17134,"binding":{"sensor":{"type":"uri","value":"http://knoesis.wright.edu/ssw/System_C0837"},"obs":{"type":"uri","value":"http://knoesis.wright.edu/ssw/Observation_AirTemperature_C0837_2004_08_08_07_30_00"}}}]}},{"head":{"vars":["sensor","obs"]},"timestamp":18063,"results":{"bindings":[{"timestamp":18063,"binding":{"sensor":{"type":"uri","value":"http://knoesis.wright.edu/ssw/System_C1192"},"obs":{"type":"uri","value":"http://knoesis.wright.edu/ssw/Observation_AirTemperature_C1192_2004_08_08_07_35_00"}}}]}},{"head":{"vars":["sensor","obs"]},"timestamp":20141,"results":{"bindings":[{"timestamp":20141,"binding":{"sensor":{"type":"uri","value":"http://knoesis.wright.edu/ssw/System_C0837"},"obs":{"type":"uri","value":"http://knoesis.wright.edu/ssw/Observation_AirTemperature_C0837_2004_08_08_07_45_00"}}}]}},{"head":{"vars":["sensor","obs"]},"timestamp":21055,"results":{"bindings":[{"timestamp":21055,"binding":{"sensor":{"type":"uri","value":"http://knoesis.wright.edu/ssw/System_C1192"},"obs":{"type":"uri","value":"http://knoesis.wright.edu/ssw/Observation_AirTemperature_C1192_2004_08_08_07_50_00"}}}]}},{"head":{"vars":["sensor","obs"]},"timestamp":23132,"results":{"bindings":[{"timestamp":23132,"binding":{"sensor":{"type":"uri","value":"http://knoesis.wright.edu/ssw/System_C0837"},"obs":{"type":"uri","value":"http://knoesis.wright.edu/ssw/Observation_AirTemperature_C0837_2004_08_08_08_00_00"}}}]}},{"head":{"vars":["sensor","obs"]},"timestamp":24074,"results":{"bindings":[{"timestamp":24074,"binding":{"sensor":{"type":"uri","value":"http://knoesis.wright.edu/ssw/System_C1192"},"obs":{"type":"uri","value":"http://knoesis.wright.edu/ssw/Observation_AirTemperature_C1192_2004_08_08_08_05_00"}}}]}},{"head":{"vars":["sensor","obs"]},"timestamp":26097,"results":{"bindings":[{"timestamp":26097,"binding":{"sensor":{"type":"uri","value":"http://knoesis.wright.edu/ssw/System_C0837"},"obs":{"type":"uri","value":"http://knoesis.wright.edu/ssw/Observation_AirTemperature_C0837_2004_08_08_08_15_00"}}}]}},{"head":{"vars":["sensor","obs"]},"timestamp":27059,"results":{"bindings":[{"timestamp":27059,"binding":{"sensor":{"type":"uri","value":"http://knoesis.wright.edu/ssw/System_C1192"},"obs":{"type":"uri","value":"http://knoesis.wright.edu/ssw/Observation_AirTemperature_C1192_2004_08_08_08_20_00"}}}]}},{"head":{"vars":["sensor","obs"]},"timestamp":29109,"results":{"bindings":[{"timestamp":29109,"binding":{"sensor":{"type":"uri","value":"http://knoesis.wright.edu/ssw/System_C0837"},"obs":{"type":"uri","value":"http://knoesis.wright.edu/ssw/Observation_AirTemperature_C0837_2004_08_08_08_30_00"}}}]}},{"head":{"vars":["sensor","obs"]},"timestamp":30053,"results":{"bindings":[{"timestamp":30053,"binding":{"sensor":{"type":"uri","value":"http://knoesis.wright.edu/ssw/System_C1192"},"obs":{"type":"uri","value":"http://knoesis.wright.edu/ssw/Observation_AirTemperature_C1192_2004_08_08_08_35_00"}}}]}},{"head":{"vars":["sensor","obs"]},"timestamp":32116,"results":{"bindings":[{"timestamp":32116,"binding":{"sensor":{"type":"uri","value":"http://knoesis.wright.edu/ssw/System_C0837"},"obs":{"type":"uri","value":"http://knoesis.wright.edu/ssw/Observation_AirTemperature_C0837_2004_08_08_08_45_00"}}}]}},{"head":{"vars":["sensor","obs"]},"timestamp":33055,"results":{"bindings":[{"timestamp":33055,"binding":{"sensor":{"type":"uri","value":"http://knoesis.wright.edu/ssw/System_C1192"},"obs":{"type":"uri","value":"http://knoesis.wright.edu/ssw/Observation_AirTemperature_C1192_2004_08_08_08_50_00"}}}]}}]}