{"relations":[{"head":{"vars":["avg"]},"timestamp":12255,"results":{"bindings":[{"timestamp":12255,"binding":{"avg":{"datatype":"http://www.w3.org/2001/XMLSchema#double","type":"literal","value":"83.0e0"}}}]}},{"head":{"vars":["avg"]},"timestamp":14268,"results":{"bindings":[{"timestamp":14268,"binding":{"avg":{"datatype":"http://www.w3.org/2001/XMLSchema#double","type":"literal","value":"90.0e0"}}}]}},{"head":{"vars":["avg"]},"timestamp":15220,"results":{"bindings":[{"timestamp":15220,"binding":{"avg":{"datatype":"http://www.w3.org/2001/XMLSchema#double","type":"literal","value":"87.66666666666667e0"}}}]}},{"head":{"vars":["avg"]},"timestamp":17196,"results":{"bindings":[{"timestamp":17196,"binding":{"avg":{"datatype":"http://www.w3.org/2001/XMLSchema#double","type":"literal","value":"92.33333333333333e0"}}}]}},{"head":{"vars":["avg"]},"timestamp":18138,"results":{"bindings":[{"timestamp":18138,"binding":{"avg":{"datatype":"http://www.w3.org/2001/XMLSchema#double","type":"literal","value":"90.0e0"}}}]}},{"head":{"vars":["avg"]},"timestamp":20185,"results":{"bindings":[{"timestamp":20185,"binding":{"avg":{"datatype":"http://www.w3.org/2001/XMLSchema#double","type":"literal","value":"92.33333333333333e0"}}}]}},{"head":{"vars":["avg"]},"timestamp":21102,"results":{"bindings":[{"timestamp":21102,"binding":{"avg":{"datatype":"http://www.w3.org/2001/XMLSchema#double","type":"literal","value":"90.0e0"}}}]}},{"head":{"vars":["avg"]},"timestamp":23241,"results":{"bindings":[{"timestamp":23241,"binding":{"avg":{"datatype":"http://www.w3.org/2001/XMLSchema#double","type":"literal","value":"92.33333333333333e0"}}}]}},{"head":{"vars":["avg"]},"timestamp":24177,"results":{"bindings":[{"timestamp":24177,"binding":{"avg":{"datatype":"http://www.w3.org/2001/XMLSchema#double","type":"literal","value":"90.0e0"}}}]}},{"head":{"vars":["avg"]},"timestamp":26138,"results":{"bindings":[{"timestamp":26138,"binding":{"avg":{"datatype":"http://www.w3.org/2001/XMLSchema#double","type":"literal","value":"92.33333333333333e0"}}}]}},{"head":{"vars":["avg"]},"timestamp":27109,"results":{"bindings":[{"timestamp":27109,"binding":{"avg":{"datatype":"http://www.w3.org/2001/XMLSchema#double","type":"literal","value":"90.0e0"}}}]}},{"head":{"vars":["avg"]},"timestamp":29250,"results":{"bindings":[{"timestamp":29250,"binding":{"avg":{"datatype":"http://www.w3.org/2001/XMLSchema#double","type":"literal","value":"92.33333333333333e0"}}}]}},{"head":{"vars":["avg"]},"timestamp":30102,"results":{"bindings":[{"timestamp":30102,"binding":{"avg":{"datatype":"http://www.w3.org/2001/XMLSchema#double","type":"literal","value":"90.0e0"}}}]}},{"head":{"vars":["avg"]},"timestamp":32191,"results":{"bindings":[{"timestamp":32191,"binding":{"avg":{"datatype":"http://www.w3.org/2001/XMLSchema#double","type":"literal","value":"92.33333333333333e0"}}}]}},{"head":{"vars":["avg"]},"timestamp":33155,"results":{"bindings":[{"timestamp":33155,"binding":{"avg":{"datatype":"http://www.w3.org/2001/XMLSchema#double","type":"literal","value":"90.0e0"}}}]}}]}