{"relations":[{"head":{"vars":["sensor","obs","value"]},"timestamp":15088,"results":{"bindings":[{"timestamp":15088,"binding":{"sensor":{"type":"uri","value":"http://knoesis.wright.edu/ssw/System_C1231"},"obs":{"type":"uri","value":"http://knoesis.wright.edu/ssw/Observation_RelativeHumidity_C1231_2004_08_08_07_20_00"},"value":{"datatype":"http://www.w3.org/2001/XMLSchema#double","type":"literal","value":"43"}}}]}},{"head":{"vars":["sensor","obs","value"]},"timestamp":17159,"results":{"bindings":[{"timestamp":17159,"binding":{"sensor":{"type":"uri","value":"http://knoesis.wright.edu/ssw/System_C1231"},"obs":{"type":"uri","value":"http://knoesis.wright.edu/ssw/Observation_RelativeHumidity_C1231_2004_08_08_07_30_00"},"value":{"datatype":"http://www.w3.org/2001/XMLSchema#double","type":"literal","value":"45"}}}]}},{"head":{"vars":["sensor","obs","value"]},"timestamp":20126,"results":{"bindings":[{"timestamp":20126,"binding":{"sensor":{"type":"uri","value":"http://knoesis.wright.edu/ssw/System_C1190"},"obs":{"type":"uri","value":"http://knoesis.wright.edu/ssw/Observation_RelativeHumidity_C1190_2004_08_08_07_45_00"},"value":{"datatype":"http://www.w3.org/2001/XMLSchema#double","type":"literal","value":"25"}}}]}},{"head":{"vars":["sensor","obs","value"]},"timestamp":25047,"results":{"bindings":[{"timestamp":25047,"binding":{"sensor":{"type":"uri","value":"http://knoesis.wright.edu/ssw/System_C1415"},"obs":{"type":"uri","value":"http://knoesis.wright.edu/ssw/Observation_RelativeHumidity_C1415_2004_08_08_08_10_00"},"value":{"datatype":"http://www.w3.org/2001/XMLSchema#double","type":"literal","value":"28"}}}]}},{"head":{"vars":["sensor","obs","value"]},"timestamp":26086,"results":{"bindings":[{"timestamp":26086,"binding":{"sensor":{"type":"uri","value":"http://knoesis.wright.edu/ssw/System_C1190"},"obs":{"type":"uri","value":"http://knoesis.wright.edu/ssw/Observation_RelativeHumidity_C1190_2004_08_08_08_15_00"},"value":{"datatype":"http://www.w3.org/2001/XMLSchema#double","type":"literal","value":"27"}}}]}},{"head":{"vars":["sensor","obs","value"]},"timestamp":26111,"results":{"bindings":[{"timestamp":26111,"binding":{"sensor":{"type":"uri","value":"http://knoesis.wright.edu/ssw/System_C1122"},"obs":{"type":"uri","value":"http://knoesis.wright.edu/ssw/Observation_RelativeHumidity_C1122_2004_08_08_08_15_00"},"value":{"datatype":"http://www.w3.org/2001/XMLSchema#double","type":"literal","value":"31"}}}]}},{"head":{"vars":["sensor","obs","value"]},"timestamp":28038,"results":{"bindings":[{"timestamp":28038,"binding":{"sensor":{"type":"uri","value":"http://knoesis.wright.edu/ssw/System_C0810"},"obs":{"type":"uri","value":"http://knoesis.wright.edu/ssw/Observation_RelativeHumidity_C0810_2004_08_08_08_25_00"},"value":{"datatype":"http://www.w3.org/2001/XMLSchema#double","type":"literal","value":"47"}}}]}},{"head":{"vars":["sensor","obs","value"]},"timestamp":29140,"results":{"bindings":[{"timestamp":29140,"binding":{"sensor":{"type":"uri","value":"http://knoesis.wright.edu/ssw/System_C1415"},"obs":{"type":"uri","value":"http://knoesis.wright.edu/ssw/Observation_RelativeHumidity_C1415_2004_08_08_08_30_00"},"value":{"datatype":"http://www.w3.org/2001/XMLSchema#double","type":"literal","value":"28"}}}]}},{"head":{"vars":["sensor","obs","value"]},"timestamp":29148,"results":{"bindings":[{"timestamp":29148,"binding":{"sensor":{"type":"uri","value":"http://knoesis.wright.edu/ssw/System_C1122"},"obs":{"type":"uri","value":"http://knoesis.wright.edu/ssw/Observation_RelativeHumidity_C1122_2004_08_08_08_30_00"},"value":{"datatype":"http://www.w3.org/2001/XMLSchema#double","type":"literal","value":"28"}}}]}},{"head":{"vars":["sensor","obs","value"]},"timestamp":31063,"results":{"bindings":[{"timestamp":31063,"binding":{"sensor":{"type":"uri","value":"http://knoesis.wright.edu/ssw/System_C1415"},"obs":{"type":"uri","value":"http://knoesis.wright.edu/ssw/Observation_RelativeHumidity_C1415_2004_08_08_08_40_00"},"value":{"datatype":"http://www.w3.org/2001/XMLSchema#double","type":"literal","value":"28"}}}]}},{"head":{"vars":["sensor","obs","value"]},"timestamp":32103,"results":{"bindings":[{"timestamp":32103,"binding":{"sensor":{"type":"uri","value":"http://knoesis.wright.edu/ssw/System_C1122"},"obs":{"type":"uri","value":"http://knoesis.wright.edu/ssw/Observation_RelativeHumidity_C1122_2004_08_08_08_45_00"},"value":{"datatype":"http://www.w3.org/2001/XMLSchema#double","type":"literal","value":"31"}}}]}},{"head":{"vars":["sensor","obs","value"]},"timestamp":32115,"results":{"bindings":[{"timestamp":32115,"binding":{"sensor":{"type":"uri","value":"http://knoesis.wright.edu/ssw/System_C1190"},"obs":{"type":"uri","value":"http://knoesis.wright.edu/ssw/Observation_RelativeHumidity_C1190_2004_08_08_08_45_00"},"value":{"datatype":"http://www.w3.org/2001/XMLSchema#double","type":"literal","value":"29"}}}]}}]}