{"relations":[{"head":{"vars":["sensor","obs"]},"timestamp":10000,"results":{"bindings":[]}},{"head":{"vars":["sensor","obs"]},"timestamp":20000,"results":{"bindings":[{"timestamp":20000,"binding":{"sensor":{"type":"uri","value":"http://knoesis.wright.edu/ssw/System_C0837"},"obs":{"type":"uri","value":"http://knoesis.wright.edu/ssw/Observation_AirTemperature_C0837_2004_08_08_07_15_00"}}},{"timestamp":20000,"binding":{"sensor":{"type":"uri","value":"http://knoesis.wright.edu/ssw/System_C1192"},"obs":{"type":"uri","value":"http://knoesis.wright.edu/ssw/Observation_AirTemperature_C1192_2004_08_08_07_20_00"}}},{"timestamp":20000,"binding":{"sensor":{"type":"uri","value":"http://knoesis.wright.edu/ssw/System_C0837"},"obs":{"type":"uri","value":"http://knoesis.wright.edu/ssw/Observation_AirTemperature_C0837_2004_08_08_07_30_00"}}},{"timestamp":20000,"binding":{"sensor":{"type":"uri","value":"http://knoesis.wright.edu/ssw/System_C1192"},"obs":{"type":"uri","value":"http://knoesis.wright.edu/ssw/Observation_AirTemperature_C1192_2004_08_08_07_35_00"}}},{"timestamp":20000,"binding":{"sensor":{"type":"uri","value":"http://knoesis.wright.edu/ssw/System_C1192"},"obs":{"type":"uri","value":"http://knoesis.wright.edu/ssw/Observation_AirTemperature_C1192_2004_08_08_07_05_00"}}}]}},{"head":{"vars":["sensor","obs"]},"timestamp":30000,"results":{"bindings":[{"timestamp":30000,"binding":{"sensor":{"type":"uri","value":"http://knoesis.wright.edu/ssw/System_C0837"},"obs":{"type":"uri","value":"http://knoesis.wright.edu/ssw/Observation_AirTemperature_C0837_2004_08_08_07_45_00"}}},{"timestamp":30000,"binding":{"sensor":{"type":"uri","value":"http://knoesis.wright.edu/ssw/System_C1192"},"obs":{"type":"uri","value":"http://knoesis.wright.edu/ssw/Observation_AirTemperature_C1192_2004_08_08_08_05_00"}}},{"timestamp":30000,"binding":{"sensor":{"type":"uri","value":"http://knoesis.wright.edu/ssw/System_C1192"},"obs":{"type":"uri","value":"http://knoesis.wright.edu/ssw/Observation_AirTemperature_C1192_2004_08_08_08_20_00"}}},{"timestamp":30000,"binding":{"sensor":{"type":"uri","value":"http://knoesis.wright.edu/ssw/System_C0837"},"obs":{"type":"uri","value":"http://knoesis.wright.edu/ssw/Observation_AirTemperature_C0837_2004_08_08_08_30_00"}}},{"timestamp":30000,"binding":{"sensor":{"type":"uri","value":"http://knoesis.wright.edu/ssw/System_C0837"},"obs":{"type":"uri","value":"http://knoesis.wright.edu/ssw/Observation_AirTemperature_C0837_2004_08_08_08_15_00"}}},{"timestamp":30000,"binding":{"sensor":{"type":"uri","value":"http://knoesis.wright.edu/ssw/System_C1192"},"obs":{"type":"uri","value":"http://knoesis.wright.edu/ssw/Observation_AirTemperature_C1192_2004_08_08_07_50_00"}}},{"timestamp":30000,"binding":{"sensor":{"type":"uri","value":"http://knoesis.wright.edu/ssw/System_C0837"},"obs":{"type":"uri","value":"http://knoesis.wright.edu/ssw/Observation_AirTemperature_C0837_2004_08_08_08_00_00"}}}]}},{"head":{"vars":["sensor","obs"]},"timestamp":40000,"results":{"bindings":[{"timestamp":40000,"binding":{"sensor":{"type":"uri","value":"http://knoesis.wright.edu/ssw/System_C1192"},"obs":{"type":"uri","value":"http://knoesis.wright.edu/ssw/Observation_AirTemperature_C1192_2004_08_08_08_50_00"}}},{"timestamp":40000,"binding":{"sensor":{"type":"uri","value":"http://knoesis.wright.edu/ssw/System_C0837"},"obs":{"type":"uri","value":"http://knoesis.wright.edu/ssw/Observation_AirTemperature_C0837_2004_08_08_08_45_00"}}},{"timestamp":40000,"binding":{"sensor":{"type":"uri","value":"http://knoesis.wright.edu/ssw/System_C1192"},"obs":{"type":"uri","value":"http://knoesis.wright.edu/ssw/Observation_AirTemperature_C1192_2004_08_08_08_35_00"}}}]}}]}