{"relations":[{"head":{"vars":["sensor","obs","value"]},"timestamp":4000,"results":{"bindings":[]}},{"head":{"vars":["sensor","obs","value"]},"timestamp":8000,"results":{"bindings":[]}},{"head":{"vars":["sensor","obs","value"]},"timestamp":12000,"results":{"bindings":[]}},{"head":{"vars":["sensor","obs","value"]},"timestamp":16000,"results":{"bindings":[{"timestamp":16000,"binding":{"sensor":{"type":"uri","value":"http://knoesis.wright.edu/ssw/System_C1231"},"obs":{"type":"uri","value":"http://knoesis.wright.edu/ssw/Observation_RelativeHumidity_C1231_2004_08_08_07_20_00"},"value":{"datatype":"http://www.w3.org/2001/XMLSchema#integer","type":"literal","value":"43"}}}]}},{"head":{"vars":["sensor","obs","value"]},"timestamp":20000,"results":{"bindings":[{"timestamp":20000,"binding":{"sensor":{"type":"uri","value":"http://knoesis.wright.edu/ssw/System_C1190"},"obs":{"type":"uri","value":"http://knoesis.wright.edu/ssw/Observation_RelativeHumidity_C1190_2004_08_08_07_45_00"},"value":{"datatype":"http://www.w3.org/2001/XMLSchema#integer","type":"literal","value":"25"}}},{"timestamp":20000,"binding":{"sensor":{"type":"uri","value":"http://knoesis.wright.edu/ssw/System_C1231"},"obs":{"type":"uri","value":"http://knoesis.wright.edu/ssw/Observation_RelativeHumidity_C1231_2004_08_08_07_30_00"},"value":{"datatype":"http://www.w3.org/2001/XMLSchema#integer","type":"literal","value":"45"}}}]}},{"head":{"vars":["sensor","obs","value"]},"timestamp":24000,"results":{"bindings":[]}},{"head":{"vars":["sensor","obs","value"]},"timestamp":28000,"results":{"bindings":[{"timestamp":28000,"binding":{"sensor":{"type":"uri","value":"http://knoesis.wright.edu/ssw/System_C1190"},"obs":{"type":"uri","value":"http://knoesis.wright.edu/ssw/Observation_RelativeHumidity_C1190_2004_08_08_08_15_00"},"value":{"datatype":"http://www.w3.org/2001/XMLSchema#integer","type":"literal","value":"27"}}},{"timestamp":28000,"binding":{"sensor":{"type":"uri","value":"http://knoesis.wright.edu/ssw/System_C1122"},"obs":{"type":"uri","value":"http://knoesis.wright.edu/ssw/Observation_RelativeHumidity_C1122_2004_08_08_08_15_00"},"value":{"datatype":"http://www.w3.org/2001/XMLSchema#integer","type":"literal","value":"31"}}},{"timestamp":28000,"binding":{"sensor":{"type":"uri","value":"http://knoesis.wright.edu/ssw/System_C1415"},"obs":{"type":"uri","value":"http://knoesis.wright.edu/ssw/Observation_RelativeHumidity_C1415_2004_08_08_08_10_00"},"value":{"datatype":"http://www.w3.org/2001/XMLSchema#integer","type":"literal","value":"28"}}}]}},{"head":{"vars":["sensor","obs","value"]},"timestamp":32000,"results":{"bindings":[{"timestamp":32000,"binding":{"sensor":{"type":"uri","value":"http://knoesis.wright.edu/ssw/System_C1122"},"obs":{"type":"uri","value":"http://knoesis.wright.edu/ssw/Observation_RelativeHumidity_C1122_2004_08_08_08_30_00"},"value":{"datatype":"http://www.w3.org/2001/XMLSchema#integer","type":"literal","value":"28"}}},{"timestamp":32000,"binding":{"sensor":{"type":"uri","value":"http://knoesis.wright.edu/ssw/System_C1122"},"obs":{"type":"uri","value":"http://knoesis.wright.edu/ssw/Observation_RelativeHumidity_C1122_2004_08_08_08_45_00"},"value":{"datatype":"http://www.w3.org/2001/XMLSchema#integer","type":"literal","value":"31"}}},{"timestamp":32000,"binding":{"sensor":{"type":"uri","value":"http://knoesis.wright.edu/ssw/System_C1415"},"obs":{"type":"uri","value":"http://knoesis.wright.edu/ssw/Observation_RelativeHumidity_C1415_2004_08_08_08_40_00"},"value":{"datatype":"http://www.w3.org/2001/XMLSchema#integer","type":"literal","value":"28"}}},{"timestamp":32000,"binding":{"sensor":{"type":"uri","value":"http://knoesis.wright.edu/ssw/System_C1190"},"obs":{"type":"uri","value":"http://knoesis.wright.edu/ssw/Observation_RelativeHumidity_C1190_2004_08_08_08_45_00"},"value":{"datatype":"http://www.w3.org/2001/XMLSchema#integer","type":"literal","value":"29"}}},{"timestamp":32000,"binding":{"sensor":{"type":"uri","value":"http://knoesis.wright.edu/ssw/System_C0810"},"obs":{"type":"uri","value":"http://knoesis.wright.edu/ssw/Observation_RelativeHumidity_C0810_2004_08_08_08_25_00"},"value":{"datatype":"http://www.w3.org/2001/XMLSchema#integer","type":"literal","value":"47"}}},{"timestamp":32000,"binding":{"sensor":{"type":"uri","value":"http://knoesis.wright.edu/ssw/System_C1415"},"obs":{"type":"uri","value":"http://knoesis.wright.edu/ssw/Observation_RelativeHumidity_C1415_2004_08_08_08_30_00"},"value":{"datatype":"http://www.w3.org/2001/XMLSchema#integer","type":"literal","value":"28"}}}]}},{"head":{"vars":["sensor","obs","value"]},"timestamp":36000,"results":{"bindings":[]}}]}