{"relations":[{"head":{"vars":["avg"]},"timestamp":4000,"results":{"bindings":[{"timestamp":4000,"binding":{"avg":{"datatype":"http://www.w3.org/2001/XMLSchema#integer","type":"literal","value":"0"}}}]}},{"head":{"vars":["avg"]},"timestamp":8000,"results":{"bindings":[{"timestamp":8000,"binding":{"avg":{"datatype":"http://www.w3.org/2001/XMLSchema#integer","type":"literal","value":"0"}}}]}},{"head":{"vars":["avg"]},"timestamp":12000,"results":{"bindings":[{"timestamp":12000,"binding":{"avg":{"datatype":"http://www.w3.org/2001/XMLSchema#integer","type":"literal","value":"0"}}}]}},{"head":{"vars":["avg"]},"timestamp":16000,"results":{"bindings":[{"timestamp":16000,"binding":{"avg":{"datatype":"http://www.w3.org/2001/XMLSchema#decimal","type":"literal","value":"87.666666666666666666666666"}}}]}},{"head":{"vars":["avg"]},"timestamp":20000,"results":{"bindings":[{"timestamp":20000,"binding":{"avg":{"datatype":"http://www.w3.org/2001/XMLSchema#decimal","type":"literal","value":"90."}}}]}},{"head":{"vars":["avg"]},"timestamp":24000,"results":{"bindings":[{"timestamp":24000,"binding":{"avg":{"datatype":"http://www.w3.org/2001/XMLSchema#decimal","type":"literal","value":"92.333333333333333333333333"}}}]}},{"head":{"vars":["avg"]},"timestamp":28000,"results":{"bindings":[{"timestamp":28000,"binding":{"avg":{"datatype":"http://www.w3.org/2001/XMLSchema#decimal","type":"literal","value":"87.666666666666666666666666"}}}]}},{"head":{"vars":["avg"]},"timestamp":32000,"results":{"bindings":[{"timestamp":32000,"binding":{"avg":{"datatype":"http://www.w3.org/2001/XMLSchema#decimal","type":"literal","value":"90."}}}]}},{"head":{"vars":["avg"]},"timestamp":36000,"results":{"bindings":[{"timestamp":36000,"binding":{"avg":{"datatype":"http://www.w3.org/2001/XMLSchema#decimal","type":"literal","value":"90."}}}]}}]}