{"relations":[{"head":{"vars":["sensor","ob1","value1","obs"]},"results":{"bindings":[{"timestamp":17000,"binding":{"sensor":{"type":"uri","value":"http://knoesis.wright.edu/ssw/System_C1204"},"obs":{"type":"uri","value":"http://knoesis.wright.edu/ssw/Observation_AirTemperature_C1204_2004_08_08_07_30_00"},"ob1":{"type":"uri","value":"http://knoesis.wright.edu/ssw/Observation_AirTemperature_C1204_2004_08_08_07_15_00"},"value1":{"type":"literal","value":"77","datatype":"http://www.w3.org/2001/XMLSchema#double"}}}]},"timestamp":17000},{"head":{"vars":["sensor","ob1","value1","obs"]},"results":{"bindings":[{"timestamp":17000,"binding":{"sensor":{"type":"uri","value":"http://knoesis.wright.edu/ssw/System_C1190"},"obs":{"type":"uri","value":"http://knoesis.wright.edu/ssw/Observation_AirTemperature_C1190_2004_08_08_07_30_00"},"ob1":{"type":"uri","value":"http://knoesis.wright.edu/ssw/Observation_AirTemperature_C1190_2004_08_08_07_15_00"},"value1":{"type":"literal","value":"80","datatype":"http://www.w3.org/2001/XMLSchema#double"}}}]},"timestamp":17000},{"head":{"vars":["sensor","ob1","value1","obs"]},"results":{"bindings":[{"timestamp":17000,"binding":{"sensor":{"type":"uri","value":"http://knoesis.wright.edu/ssw/System_C0964"},"obs":{"type":"uri","value":"http://knoesis.wright.edu/ssw/Observation_AirTemperature_C0964_2004_08_08_07_30_00"},"ob1":{"type":"uri","value":"http://knoesis.wright.edu/ssw/Observation_AirTemperature_C0964_2004_08_08_07_20_00"},"value1":{"type":"literal","value":"77","datatype":"http://www.w3.org/2001/XMLSchema#double"}}}]},"timestamp":17000},{"head":{"vars":["sensor","ob1","value1","obs"]},"results":{"bindings":[{"timestamp":23000,"binding":{"sensor":{"type":"uri","value":"http://knoesis.wright.edu/ssw/System_C1190"},"obs":{"type":"uri","value":"http://knoesis.wright.edu/ssw/Observation_AirTemperature_C1190_2004_08_08_08_00_00"},"ob1":{"type":"uri","value":"http://knoesis.wright.edu/ssw/Observation_AirTemperature_C1190_2004_08_08_07_45_00"},"value1":{"type":"literal","value":"79","datatype":"http://www.w3.org/2001/XMLSchema#double"}}}]},"timestamp":23000}]}