{"relations":[{"head":{"vars":["sensor","ob1"]},"results":{"bindings":[{"timestamp":17000,"binding":{"sensor":{"type":"uri","value":"http://knoesis.wright.edu/ssw/System_C0837"},"ob1":{"type":"uri","value":"http://knoesis.wright.edu/ssw/Observation_AirTemperature_C0837_2004_08_08_07_30_00"}}}]},"timestamp":17000},{"head":{"vars":["sensor","ob1"]},"results":{"bindings":[{"timestamp":18000,"binding":{"sensor":{"type":"uri","value":"http://knoesis.wright.edu/ssw/System_C1192"},"ob1":{"type":"uri","value":"http://knoesis.wright.edu/ssw/Observation_AirTemperature_C1192_2004_08_08_07_35_00"}}}]},"timestamp":18000},{"head":{"vars":["sensor","ob1"]},"results":{"bindings":[{"timestamp":20000,"binding":{"sensor":{"type":"uri","value":"http://knoesis.wright.edu/ssw/System_C0837"},"ob1":{"type":"uri","value":"http://knoesis.wright.edu/ssw/Observation_AirTemperature_C0837_2004_08_08_07_45_00"}}}]},"timestamp":20000},{"head":{"vars":["sensor","ob1"]},"results":{"bindings":[{"timestamp":21000,"binding":{"sensor":{"type":"uri","value":"http://knoesis.wright.edu/ssw/System_C1192"},"ob1":{"type":"uri","value":"http://knoesis.wright.edu/ssw/Observation_AirTemperature_C1192_2004_08_08_07_50_00"}}}]},"timestamp":21000},{"head":{"vars":["sensor","ob1"]},"results":{"bindings":[{"timestamp":23000,"binding":{"sensor":{"type":"uri","value":"http://knoesis.wright.edu/ssw/System_C1190"},"ob1":{"type":"uri","value":"http://knoesis.wright.edu/ssw/Observation_AirTemperature_C1190_2004_08_08_08_00_00"}}}]},"timestamp":23000},{"head":{"vars":["sensor","ob1"]},"results":{"bindings":[{"timestamp":23000,"binding":{"sensor":{"type":"uri","value":"http://knoesis.wright.edu/ssw/System_C1141"},"ob1":{"type":"uri","value":"http://knoesis.wright.edu/ssw/Observation_AirTemperature_C1141_2004_08_08_08_00_00"}}}]},"timestamp":23000},{"head":{"vars":["sensor","ob1"]},"results":{"bindings":[{"timestamp":23000,"binding":{"sensor":{"type":"uri","value":"http://knoesis.wright.edu/ssw/System_C0837"},"ob1":{"type":"uri","value":"http://knoesis.wright.edu/ssw/Observation_AirTemperature_C0837_2004_08_08_08_00_00"}}}]},"timestamp":23000},{"head":{"vars":["sensor","ob1"]},"results":{"bindings":[{"timestamp":24000,"binding":{"sensor":{"type":"uri","value":"http://knoesis.wright.edu/ssw/System_C0694"},"ob1":{"type":"uri","value":"http://knoesis.wright.edu/ssw/Observation_AirTemperature_C0694_2004_08_08_08_05_00"}}}]},"timestamp":24000},{"head":{"vars":["sensor","ob1"]},"results":{"bindings":[{"timestamp":24000,"binding":{"sensor":{"type":"uri","value":"http://knoesis.wright.edu/ssw/System_C1192"},"ob1":{"type":"uri","value":"http://knoesis.wright.edu/ssw/Observation_AirTemperature_C1192_2004_08_08_08_05_00"}}}]},"timestamp":24000},{"head":{"vars":["sensor","ob1"]},"results":{"bindings":[{"timestamp":25000,"binding":{"sensor":{"type":"uri","value":"http://knoesis.wright.edu/ssw/System_C0958"},"ob1":{"type":"uri","value":"http://knoesis.wright.edu/ssw/Observation_AirTemperature_C0958_2004_08_08_08_10_00"}}}]},"timestamp":25000},{"head":{"vars":["sensor","ob1"]},"results":{"bindings":[{"timestamp":26000,"binding":{"sensor":{"type":"uri","value":"http://knoesis.wright.edu/ssw/System_C1122"},"ob1":{"type":"uri","value":"http://knoesis.wright.edu/ssw/Observation_AirTemperature_C1122_2004_08_08_08_15_00"}}}]},"timestamp":26000},{"head":{"vars":["sensor","ob1"]},"results":{"bindings":[{"timestamp":26000,"binding":{"sensor":{"type":"uri","value":"http://knoesis.wright.edu/ssw/System_C0837"},"ob1":{"type":"uri","value":"http://knoesis.wright.edu/ssw/Observation_AirTemperature_C0837_2004_08_08_08_15_00"}}}]},"timestamp":26000},{"head":{"vars":["sensor","ob1"]},"results":{"bindings":[{"timestamp":27000,"binding":{"sensor":{"type":"uri","value":"http://knoesis.wright.edu/ssw/System_C1231"},"ob1":{"type":"uri","value":"http://knoesis.wright.edu/ssw/Observation_AirTemperature_C1231_2004_08_08_08_20_00"}}}]},"timestamp":27000},{"head":{"vars":["sensor","ob1"]},"results":{"bindings":[{"timestamp":27000,"binding":{"sensor":{"type":"uri","value":"http://knoesis.wright.edu/ssw/System_C0694"},"ob1":{"type":"uri","value":"http://knoesis.wright.edu/ssw/Observation_AirTemperature_C0694_2004_08_08_08_20_00"}}}]},"timestamp":27000},{"head":{"vars":["sensor","ob1"]},"results":{"bindings":[{"timestamp":27000,"binding":{"sensor":{"type":"uri","value":"http://knoesis.wright.edu/ssw/System_C1192"},"ob1":{"type":"uri","value":"http://knoesis.wright.edu/ssw/Observation_AirTemperature_C1192_2004_08_08_08_20_00"}}}]},"timestamp":27000},{"head":{"vars":["sensor","ob1"]},"results":{"bindings":[{"timestamp":29000,"binding":{"sensor":{"type":"uri","value":"http://knoesis.wright.edu/ssw/System_C1122"},"ob1":{"type":"uri","value":"http://knoesis.wright.edu/ssw/Observation_AirTemperature_C1122_2004_08_08_08_30_00"}}}]},"timestamp":29000},{"head":{"vars":["sensor","ob1"]},"results":{"bindings":[{"timestamp":29000,"binding":{"sensor":{"type":"uri","value":"http://knoesis.wright.edu/ssw/System_C0837"},"ob1":{"type":"uri","value":"http://knoesis.wright.edu/ssw/Observation_AirTemperature_C0837_2004_08_08_08_30_00"}}}]},"timestamp":29000},{"head":{"vars":["sensor","ob1"]},"results":{"bindings":[{"timestamp":29000,"binding":{"sensor":{"type":"uri","value":"http://knoesis.wright.edu/ssw/System_C0958"},"ob1":{"type":"uri","value":"http://knoesis.wright.edu/ssw/Observation_AirTemperature_C0958_2004_08_08_08_30_00"}}}]},"timestamp":29000},{"head":{"vars":["sensor","ob1"]},"results":{"bindings":[{"timestamp":29000,"binding":{"sensor":{"type":"uri","value":"http://knoesis.wright.edu/ssw/System_C1231"},"ob1":{"type":"uri","value":"http://knoesis.wright.edu/ssw/Observation_AirTemperature_C1231_2004_08_08_08_30_00"}}}]},"timestamp":29000},{"head":{"vars":["sensor","ob1"]},"results":{"bindings":[{"timestamp":30000,"binding":{"sensor":{"type":"uri","value":"http://knoesis.wright.edu/ssw/System_C0694"},"ob1":{"type":"uri","value":"http://knoesis.wright.edu/ssw/Observation_AirTemperature_C0694_2004_08_08_08_35_00"}}}]},"timestamp":30000},{"head":{"vars":["sensor","ob1"]},"results":{"bindings":[{"timestamp":30000,"binding":{"sensor":{"type":"uri","value":"http://knoesis.wright.edu/ssw/System_C1192"},"ob1":{"type":"uri","value":"http://knoesis.wright.edu/ssw/Observation_AirTemperature_C1192_2004_08_08_08_35_00"}}}]},"timestamp":30000},{"head":{"vars":["sensor","ob1"]},"results":{"bindings":[{"timestamp":31000,"binding":{"sensor":{"type":"uri","value":"http://knoesis.wright.edu/ssw/System_C0694"},"ob1":{"type":"uri","value":"http://knoesis.wright.edu/ssw/Observation_AirTemperature_C0694_2004_08_08_08_40_00"}}}]},"timestamp":31000},{"head":{"vars":["sensor","ob1"]},"results":{"bindings":[{"timestamp":31000,"binding":{"sensor":{"type":"uri","value":"http://knoesis.wright.edu/ssw/System_C0958"},"ob1":{"type":"uri","value":"http://knoesis.wright.edu/ssw/Observation_AirTemperature_C0958_2004_08_08_08_40_00"}}}]},"timestamp":31000}]}