{"relations":[{"head":{"vars":["avg"]},"results":{"bindings":[{"timestamp":13000,"binding":{"avg":{"type":"literal","value":"83.0","datatype":"http://www.w3.org/2001/XMLSchema#double"}}}]},"timestamp":13000},{"head":{"vars":["avg"]},"results":{"bindings":[{"timestamp":17000,"binding":{"avg":{"type":"literal","value":"90.0","datatype":"http://www.w3.org/2001/XMLSchema#double"}}}]},"timestamp":17000},{"head":{"vars":["avg"]},"results":{"bindings":[{"timestamp":21000,"binding":{"avg":{"type":"literal","value":"92.33333333333333","datatype":"http://www.w3.org/2001/XMLSchema#double"}}}]},"timestamp":21000},{"head":{"vars":["avg"]},"results":{"bindings":[{"timestamp":25000,"binding":{"avg":{"type":"literal","value":"87.66666666666667","datatype":"http://www.w3.org/2001/XMLSchema#double"}}}]},"timestamp":25000},{"head":{"vars":["avg"]},"results":{"bindings":[{"timestamp":29000,"binding":{"avg":{"type":"literal","value":"90.0","datatype":"http://www.w3.org/2001/XMLSchema#double"}}}]},"timestamp":29000},{"head":{"vars":["avg"]},"results":{"bindings":[{"timestamp":33000,"binding":{"avg":{"type":"literal","value":"92.33333333333333","datatype":"http://www.w3.org/2001/XMLSchema#double"}}}]},"timestamp":33000}]}