{"relations":[{"head":{"vars":["sensor","obs"]},"results":{"bindings":[{"timestamp":12000,"binding":{"sensor":{"type":"uri","value":"http://knoesis.wright.edu/ssw/System_C1192"},"obs":{"type":"uri","value":"http://knoesis.wright.edu/ssw/Observation_AirTemperature_C1192_2004_08_08_07_05_00"}}}]},"timestamp":12000},{"head":{"vars":["sensor","obs"]},"results":{"bindings":[{"timestamp":14000,"binding":{"sensor":{"type":"uri","value":"http://knoesis.wright.edu/ssw/System_C0837"},"obs":{"type":"uri","value":"http://knoesis.wright.edu/ssw/Observation_AirTemperature_C0837_2004_08_08_07_15_00"}}}]},"timestamp":14000},{"head":{"vars":["sensor","obs"]},"results":{"bindings":[{"timestamp":15000,"binding":{"sensor":{"type":"uri","value":"http://knoesis.wright.edu/ssw/System_C1192"},"obs":{"type":"uri","value":"http://knoesis.wright.edu/ssw/Observation_AirTemperature_C1192_2004_08_08_07_20_00"}}}]},"timestamp":15000},{"head":{"vars":["sensor","obs"]},"results":{"bindings":[{"timestamp":17000,"binding":{"sensor":{"type":"uri","value":"http://knoesis.wright.edu/ssw/System_C0837"},"obs":{"type":"uri","value":"http://knoesis.wright.edu/ssw/Observation_AirTemperature_C0837_2004_08_08_07_30_00"}}}]},"timestamp":17000},{"head":{"vars":["sensor","obs"]},"results":{"bindings":[{"timestamp":18000,"binding":{"sensor":{"type":"uri","value":"http://knoesis.wright.edu/ssw/System_C1192"},"obs":{"type":"uri","value":"http://knoesis.wright.edu/ssw/Observation_AirTemperature_C1192_2004_08_08_07_35_00"}}}]},"timestamp":18000},{"head":{"vars":["sensor","obs"]},"results":{"bindings":[{"timestamp":20000,"binding":{"sensor":{"type":"uri","value":"http://knoesis.wright.edu/ssw/System_C0837"},"obs":{"type":"uri","value":"http://knoesis.wright.edu/ssw/Observation_AirTemperature_C0837_2004_08_08_07_45_00"}}}]},"timestamp":20000},{"head":{"vars":["sensor","obs"]},"results":{"bindings":[{"timestamp":21000,"binding":{"sensor":{"type":"uri","value":"http://knoesis.wright.edu/ssw/System_C1192"},"obs":{"type":"uri","value":"http://knoesis.wright.edu/ssw/Observation_AirTemperature_C1192_2004_08_08_07_50_00"}}}]},"timestamp":21000},{"head":{"vars":["sensor","obs"]},"results":{"bindings":[{"timestamp":23000,"binding":{"sensor":{"type":"uri","value":"http://knoesis.wright.edu/ssw/System_C0837"},"obs":{"type":"uri","value":"http://knoesis.wright.edu/ssw/Observation_AirTemperature_C0837_2004_08_08_08_00_00"}}}]},"timestamp":23000},{"head":{"vars":["sensor","obs"]},"results":{"bindings":[{"timestamp":24000,"binding":{"sensor":{"type":"uri","value":"http://knoesis.wright.edu/ssw/System_C1192"},"obs":{"type":"uri","value":"http://knoesis.wright.edu/ssw/Observation_AirTemperature_C1192_2004_08_08_08_05_00"}}}]},"timestamp":24000},{"head":{"vars":["sensor","obs"]},"results":{"bindings":[{"timestamp":26000,"binding":{"sensor":{"type":"uri","value":"http://knoesis.wright.edu/ssw/System_C0837"},"obs":{"type":"uri","value":"http://knoesis.wright.edu/ssw/Observation_AirTemperature_C0837_2004_08_08_08_15_00"}}}]},"timestamp":26000},{"head":{"vars":["sensor","obs"]},"results":{"bindings":[{"timestamp":27000,"binding":{"sensor":{"type":"uri","value":"http://knoesis.wright.edu/ssw/System_C1192"},"obs":{"type":"uri","value":"http://knoesis.wright.edu/ssw/Observation_AirTemperature_C1192_2004_08_08_08_20_00"}}}]},"timestamp":27000},{"head":{"vars":["sensor","obs"]},"results":{"bindings":[{"timestamp":29000,"binding":{"sensor":{"type":"uri","value":"http://knoesis.wright.edu/ssw/System_C0837"},"obs":{"type":"uri","value":"http://knoesis.wright.edu/ssw/Observation_AirTemperature_C0837_2004_08_08_08_30_00"}}}]},"timestamp":29000},{"head":{"vars":["sensor","obs"]},"results":{"bindings":[{"timestamp":30000,"binding":{"sensor":{"type":"uri","value":"http://knoesis.wright.edu/ssw/System_C1192"},"obs":{"type":"uri","value":"http://knoesis.wright.edu/ssw/Observation_AirTemperature_C1192_2004_08_08_08_35_00"}}}]},"timestamp":30000},{"head":{"vars":["sensor","obs"]},"results":{"bindings":[{"timestamp":32000,"binding":{"sensor":{"type":"uri","value":"http://knoesis.wright.edu/ssw/System_C0837"},"obs":{"type":"uri","value":"http://knoesis.wright.edu/ssw/Observation_AirTemperature_C0837_2004_08_08_08_45_00"}}}]},"timestamp":32000},{"head":{"vars":["sensor","obs"]},"results":{"bindings":[{"timestamp":33000,"binding":{"sensor":{"type":"uri","value":"http://knoesis.wright.edu/ssw/System_C1192"},"obs":{"type":"uri","value":"http://knoesis.wright.edu/ssw/Observation_AirTemperature_C1192_2004_08_08_08_50_00"}}}]},"timestamp":33000}]}