{"relations":[{"head":{"vars":["sensor","obs","value"]},"results":{"bindings":[{"timestamp":15000,"binding":{"sensor":{"type":"uri","value":"http://knoesis.wright.edu/ssw/System_C1231"},"obs":{"type":"uri","value":"http://knoesis.wright.edu/ssw/Observation_RelativeHumidity_C1231_2004_08_08_07_20_00"},"value":{"type":"literal","value":"43","datatype":"http://www.w3.org/2001/XMLSchema#double"}}}]},"timestamp":15000},{"head":{"vars":["sensor","obs","value"]},"results":{"bindings":[{"timestamp":17000,"binding":{"sensor":{"type":"uri","value":"http://knoesis.wright.edu/ssw/System_C1231"},"obs":{"type":"uri","value":"http://knoesis.wright.edu/ssw/Observation_RelativeHumidity_C1231_2004_08_08_07_30_00"},"value":{"type":"literal","value":"45","datatype":"http://www.w3.org/2001/XMLSchema#double"}}}]},"timestamp":17000},{"head":{"vars":["sensor","obs","value"]},"results":{"bindings":[{"timestamp":20000,"binding":{"sensor":{"type":"uri","value":"http://knoesis.wright.edu/ssw/System_C1190"},"obs":{"type":"uri","value":"http://knoesis.wright.edu/ssw/Observation_RelativeHumidity_C1190_2004_08_08_07_45_00"},"value":{"type":"literal","value":"25","datatype":"http://www.w3.org/2001/XMLSchema#double"}}}]},"timestamp":20000},{"head":{"vars":["sensor","obs","value"]},"results":{"bindings":[{"timestamp":25000,"binding":{"sensor":{"type":"uri","value":"http://knoesis.wright.edu/ssw/System_C1415"},"obs":{"type":"uri","value":"http://knoesis.wright.edu/ssw/Observation_RelativeHumidity_C1415_2004_08_08_08_10_00"},"value":{"type":"literal","value":"28","datatype":"http://www.w3.org/2001/XMLSchema#double"}}}]},"timestamp":25000},{"head":{"vars":["sensor","obs","value"]},"results":{"bindings":[{"timestamp":26000,"binding":{"sensor":{"type":"uri","value":"http://knoesis.wright.edu/ssw/System_C1190"},"obs":{"type":"uri","value":"http://knoesis.wright.edu/ssw/Observation_RelativeHumidity_C1190_2004_08_08_08_15_00"},"value":{"type":"literal","value":"27","datatype":"http://www.w3.org/2001/XMLSchema#double"}}}]},"timestamp":26000},{"head":{"vars":["sensor","obs","value"]},"results":{"bindings":[{"timestamp":26000,"binding":{"sensor":{"type":"uri","value":"http://knoesis.wright.edu/ssw/System_C1122"},"obs":{"type":"uri","value":"http://knoesis.wright.edu/ssw/Observation_RelativeHumidity_C1122_2004_08_08_08_15_00"},"value":{"type":"literal","value":"31","datatype":"http://www.w3.org/2001/XMLSchema#double"}}}]},"timestamp":26000},{"head":{"vars":["sensor","obs","value"]},"results":{"bindings":[{"timestamp":28000,"binding":{"sensor":{"type":"uri","value":"http://knoesis.wright.edu/ssw/System_C0810"},"obs":{"type":"uri","value":"http://knoesis.wright.edu/ssw/Observation_RelativeHumidity_C0810_2004_08_08_08_25_00"},"value":{"type":"literal","value":"47","datatype":"http://www.w3.org/2001/XMLSchema#double"}}}]},"timestamp":28000},{"head":{"vars":["sensor","obs","value"]},"results":{"bindings":[{"timestamp":29000,"binding":{"sensor":{"type":"uri","value":"http://knoesis.wright.edu/ssw/System_C1122"},"obs":{"type":"uri","value":"http://knoesis.wright.edu/ssw/Observation_RelativeHumidity_C1122_2004_08_08_08_30_00"},"value":{"type":"literal","value":"28","datatype":"http://www.w3.org/2001/XMLSchema#double"}}}]},"timestamp":29000},{"head":{"vars":["sensor","obs","value"]},"results":{"bindings":[{"timestamp":29000,"binding":{"sensor":{"type":"uri","value":"http://knoesis.wright.edu/ssw/System_C1415"},"obs":{"type":"uri","value":"http://knoesis.wright.edu/ssw/Observation_RelativeHumidity_C1415_2004_08_08_08_30_00"},"value":{"type":"literal","value":"28","datatype":"http://www.w3.org/2001/XMLSchema#double"}}}]},"timestamp":29000},{"head":{"vars":["sensor","obs","value"]},"results":{"bindings":[{"timestamp":31000,"binding":{"sensor":{"type":"uri","value":"http://knoesis.wright.edu/ssw/System_C1415"},"obs":{"type":"uri","value":"http://knoesis.wright.edu/ssw/Observation_RelativeHumidity_C1415_2004_08_08_08_40_00"},"value":{"type":"literal","value":"28","datatype":"http://www.w3.org/2001/XMLSchema#double"}}}]},"timestamp":31000},{"head":{"vars":["sensor","obs","value"]},"results":{"bindings":[{"timestamp":32000,"binding":{"sensor":{"type":"uri","value":"http://knoesis.wright.edu/ssw/System_C1190"},"obs":{"type":"uri","value":"http://knoesis.wright.edu/ssw/Observation_RelativeHumidity_C1190_2004_08_08_08_45_00"},"value":{"type":"literal","value":"29","datatype":"http://www.w3.org/2001/XMLSchema#double"}}}]},"timestamp":32000},{"head":{"vars":["sensor","obs","value"]},"results":{"bindings":[{"timestamp":32000,"binding":{"sensor":{"type":"uri","value":"http://knoesis.wright.edu/ssw/System_C1122"},"obs":{"type":"uri","value":"http://knoesis.wright.edu/ssw/Observation_RelativeHumidity_C1122_2004_08_08_08_45_00"},"value":{"type":"literal","value":"31","datatype":"http://www.w3.org/2001/XMLSchema#double"}}}]},"timestamp":32000}]}