{"relations":[{"head":{"vars":["sensor","ob1","value1","obs"]},"results":{"bindings":[{"timestamp":3000,"binding":{"sensor":{"type":"uri","value":"http://knoesis.wright.edu/ssw/System_C0694"},"obs":{"type":"uri","value":"http://knoesis.wright.edu/ssw/Observation_AirTemperature_C0694_2004_08_08_06_20_00"},"ob1":{"type":"uri","value":"http://knoesis.wright.edu/ssw/Observation_AirTemperature_C0694_2004_08_08_06_05_00"},"value1":{"type":"literal","value":"79","datatype":"http://www.w3.org/2001/XMLSchema#double"}}}]},"timestamp":3000},{"head":{"vars":["sensor","ob1","value1","obs"]},"results":{"bindings":[{"timestamp":9000,"binding":{"sensor":{"type":"uri","value":"http://knoesis.wright.edu/ssw/System_C0900"},"obs":{"type":"uri","value":"http://knoesis.wright.edu/ssw/Observation_AirTemperature_C0900_2004_08_08_06_50_00"},"ob1":{"type":"uri","value":"http://knoesis.wright.edu/ssw/Observation_AirTemperature_C0900_2004_08_08_06_35_00"},"value1":{"type":"literal","value":"77","datatype":"http://www.w3.org/2001/XMLSchema#double"}}}]},"timestamp":9000},{"head":{"vars":["sensor","ob1","value1","obs"]},"results":{"bindings":[{"timestamp":17000,"binding":{"sensor":{"type":"uri","value":"http://knoesis.wright.edu/ssw/System_C0762"},"obs":{"type":"uri","value":"http://knoesis.wright.edu/ssw/Observation_AirTemperature_C0762_2004_08_08_07_30_00"},"ob1":{"type":"uri","value":"http://knoesis.wright.edu/ssw/Observation_AirTemperature_C0762_2004_08_08_07_45_00"},"value1":{"type":"literal","value":"77","datatype":"http://www.w3.org/2001/XMLSchema#double"}}}]},"timestamp":17000},{"head":{"vars":["sensor","ob1","value1","obs"]},"results":{"bindings":[{"timestamp":17000,"binding":{"sensor":{"type":"uri","value":"http://knoesis.wright.edu/ssw/System_C0964"},"obs":{"type":"uri","value":"http://knoesis.wright.edu/ssw/Observation_AirTemperature_C0964_2004_08_08_07_30_00"},"ob1":{"type":"uri","value":"http://knoesis.wright.edu/ssw/Observation_AirTemperature_C0964_2004_08_08_07_20_00"},"value1":{"type":"literal","value":"77","datatype":"http://www.w3.org/2001/XMLSchema#double"}}}]},"timestamp":17000},{"head":{"vars":["sensor","ob1","value1","obs"]},"results":{"bindings":[{"timestamp":20000,"binding":{"sensor":{"type":"uri","value":"http://knoesis.wright.edu/ssw/System_C0777"},"obs":{"type":"uri","value":"http://knoesis.wright.edu/ssw/Observation_AirTemperature_C0777_2004_08_08_07_45_00"},"ob1":{"type":"uri","value":"http://knoesis.wright.edu/ssw/Observation_AirTemperature_C0777_2004_08_08_07_30_00"},"value1":{"type":"literal","value":"77","datatype":"http://www.w3.org/2001/XMLSchema#double"}}}]},"timestamp":20000},{"head":{"vars":["sensor","ob1","value1","obs"]},"results":{"bindings":[{"timestamp":23000,"binding":{"sensor":{"type":"uri","value":"http://knoesis.wright.edu/ssw/System_C1190"},"obs":{"type":"uri","value":"http://knoesis.wright.edu/ssw/Observation_AirTemperature_C1190_2004_08_08_08_00_00"},"ob1":{"type":"uri","value":"http://knoesis.wright.edu/ssw/Observation_AirTemperature_C1190_2004_08_08_07_45_00"},"value1":{"type":"literal","value":"79","datatype":"http://www.w3.org/2001/XMLSchema#double"}}}]},"timestamp":23000},{"head":{"vars":["sensor","ob1","value1","obs"]},"results":{"bindings":[{"timestamp":24000,"binding":{"sensor":{"type":"uri","value":"http://knoesis.wright.edu/ssw/System_C1275"},"obs":{"type":"uri","value":"http://knoesis.wright.edu/ssw/Observation_AirTemperature_C1275_2004_08_08_08_05_00"},"ob1":{"type":"uri","value":"http://knoesis.wright.edu/ssw/Observation_AirTemperature_C1275_2004_08_08_07_50_00"},"value1":{"type":"literal","value":"78","datatype":"http://www.w3.org/2001/XMLSchema#double"}}}]},"timestamp":24000},{"head":{"vars":["sensor","ob1","value1","obs"]},"results":{"bindings":[{"timestamp":25000,"binding":{"sensor":{"type":"uri","value":"http://knoesis.wright.edu/ssw/System_C1275"},"obs":{"type":"uri","value":"http://knoesis.wright.edu/ssw/Observation_AirTemperature_C1275_2004_08_08_08_10_00"},"ob1":{"type":"uri","value":"http://knoesis.wright.edu/ssw/Observation_AirTemperature_C1275_2004_08_08_07_50_00"},"value1":{"type":"literal","value":"78","datatype":"http://www.w3.org/2001/XMLSchema#double"}}}]},"timestamp":25000},{"head":{"vars":["sensor","ob1","value1","obs"]},"results":{"bindings":[{"timestamp":26000,"binding":{"sensor":{"type":"uri","value":"http://knoesis.wright.edu/ssw/System_C1122"},"obs":{"type":"uri","value":"http://knoesis.wright.edu/ssw/Observation_AirTemperature_C1122_2004_08_08_08_15_00"},"ob1":{"type":"uri","value":"http://knoesis.wright.edu/ssw/Observation_AirTemperature_C1122_2004_08_08_08_30_00"},"value1":{"type":"literal","value":"79","datatype":"http://www.w3.org/2001/XMLSchema#double"}}}]},"timestamp":26000}]}