{"relations":[{"head":{"vars":["avg"]},"results":{"bindings":[{"timestamp":33000,"binding":{"avg":{"type":"literal","value":"89.533333333333331","datatype":"http://www.w3.org/2001/XMLSchema#double"}}}]},"timestamp":33000},{"head":{"vars":["avg"]},"results":{"bindings":[{"timestamp":33000,"binding":{"avg":{"type":"literal","value":"90","datatype":"http://www.w3.org/2001/XMLSchema#double"}}}]},"timestamp":33000},{"head":{"vars":["avg"]},"results":{"bindings":[{"timestamp":33000,"binding":{"avg":{"type":"literal","value":"89","datatype":"http://www.w3.org/2001/XMLSchema#double"}}}]},"timestamp":33000}]}