{"relations":[{"head":{"vars":["sensor","obs"]},"timestamp":13000,"results":{"bindings":[{"timestamp":13000,"binding":{"sensor":{"type":"uri","value":"http://knoesis.wright.edu/ssw/System_C1192"},"obs":{"type":"uri","value":"http://knoesis.wright.edu/ssw/Observation_AirTemperature_C1192_2004_08_08_07_05_00"}}}]}},{"head":{"vars":["sensor","obs"]},"timestamp":14000,"results":{"bindings":[{"timestamp":14000,"binding":{"sensor":{"type":"uri","value":"http://knoesis.wright.edu/ssw/System_C1192"},"obs":{"type":"uri","value":"http://knoesis.wright.edu/ssw/Observation_AirTemperature_C1192_2004_08_08_07_05_00"}}}]}},{"head":{"vars":["sensor","obs"]},"timestamp":15000,"results":{"bindings":[{"timestamp":15000,"binding":{"sensor":{"type":"uri","value":"http://knoesis.wright.edu/ssw/System_C1192"},"obs":{"type":"uri","value":"http://knoesis.wright.edu/ssw/Observation_AirTemperature_C1192_2004_08_08_07_05_00"}}},{"timestamp":15000,"binding":{"sensor":{"type":"uri","value":"http://knoesis.wright.edu/ssw/System_C0837"},"obs":{"type":"uri","value":"http://knoesis.wright.edu/ssw/Observation_AirTemperature_C0837_2004_08_08_07_15_00"}}}]}},{"head":{"vars":["sensor","obs"]},"timestamp":16000,"results":{"bindings":[{"timestamp":16000,"binding":{"sensor":{"type":"uri","value":"http://knoesis.wright.edu/ssw/System_C1192"},"obs":{"type":"uri","value":"http://knoesis.wright.edu/ssw/Observation_AirTemperature_C1192_2004_08_08_07_05_00"}}},{"timestamp":16000,"binding":{"sensor":{"type":"uri","value":"http://knoesis.wright.edu/ssw/System_C0837"},"obs":{"type":"uri","value":"http://knoesis.wright.edu/ssw/Observation_AirTemperature_C0837_2004_08_08_07_15_00"}}},{"timestamp":16000,"binding":{"sensor":{"type":"uri","value":"http://knoesis.wright.edu/ssw/System_C1192"},"obs":{"type":"uri","value":"http://knoesis.wright.edu/ssw/Observation_AirTemperature_C1192_2004_08_08_07_20_00"}}}]}},{"head":{"vars":["sensor","obs"]},"timestamp":17000,"results":{"bindings":[{"timestamp":17000,"binding":{"sensor":{"type":"uri","value":"http://knoesis.wright.edu/ssw/System_C1192"},"obs":{"type":"uri","value":"http://knoesis.wright.edu/ssw/Observation_AirTemperature_C1192_2004_08_08_07_05_00"}}},{"timestamp":17000,"binding":{"sensor":{"type":"uri","value":"http://knoesis.wright.edu/ssw/System_C0837"},"obs":{"type":"uri","value":"http://knoesis.wright.edu/ssw/Observation_AirTemperature_C0837_2004_08_08_07_15_00"}}},{"timestamp":17000,"binding":{"sensor":{"type":"uri","value":"http://knoesis.wright.edu/ssw/System_C1192"},"obs":{"type":"uri","value":"http://knoesis.wright.edu/ssw/Observation_AirTemperature_C1192_2004_08_08_07_20_00"}}}]}},{"head":{"vars":["sensor","obs"]},"timestamp":18000,"results":{"bindings":[{"timestamp":18000,"binding":{"sensor":{"type":"uri","value":"http://knoesis.wright.edu/ssw/System_C0837"},"obs":{"type":"uri","value":"http://knoesis.wright.edu/ssw/Observation_AirTemperature_C0837_2004_08_08_07_15_00"}}},{"timestamp":18000,"binding":{"sensor":{"type":"uri","value":"http://knoesis.wright.edu/ssw/System_C1192"},"obs":{"type":"uri","value":"http://knoesis.wright.edu/ssw/Observation_AirTemperature_C1192_2004_08_08_07_20_00"}}},{"timestamp":18000,"binding":{"sensor":{"type":"uri","value":"http://knoesis.wright.edu/ssw/System_C0837"},"obs":{"type":"uri","value":"http://knoesis.wright.edu/ssw/Observation_AirTemperature_C0837_2004_08_08_07_30_00"}}}]}},{"head":{"vars":["sensor","obs"]},"timestamp":19000,"results":{"bindings":[{"timestamp":19000,"binding":{"sensor":{"type":"uri","value":"http://knoesis.wright.edu/ssw/System_C0837"},"obs":{"type":"uri","value":"http://knoesis.wright.edu/ssw/Observation_AirTemperature_C0837_2004_08_08_07_15_00"}}},{"timestamp":19000,"binding":{"sensor":{"type":"uri","value":"http://knoesis.wright.edu/ssw/System_C1192"},"obs":{"type":"uri","value":"http://knoesis.wright.edu/ssw/Observation_AirTemperature_C1192_2004_08_08_07_20_00"}}},{"timestamp":19000,"binding":{"sensor":{"type":"uri","value":"http://knoesis.wright.edu/ssw/System_C0837"},"obs":{"type":"uri","value":"http://knoesis.wright.edu/ssw/Observation_AirTemperature_C0837_2004_08_08_07_30_00"}}},{"timestamp":19000,"binding":{"sensor":{"type":"uri","value":"http://knoesis.wright.edu/ssw/System_C1192"},"obs":{"type":"uri","value":"http://knoesis.wright.edu/ssw/Observation_AirTemperature_C1192_2004_08_08_07_35_00"}}}]}},{"head":{"vars":["sensor","obs"]},"timestamp":20000,"results":{"bindings":[{"timestamp":20000,"binding":{"sensor":{"type":"uri","value":"http://knoesis.wright.edu/ssw/System_C1192"},"obs":{"type":"uri","value":"http://knoesis.wright.edu/ssw/Observation_AirTemperature_C1192_2004_08_08_07_20_00"}}},{"timestamp":20000,"binding":{"sensor":{"type":"uri","value":"http://knoesis.wright.edu/ssw/System_C0837"},"obs":{"type":"uri","value":"http://knoesis.wright.edu/ssw/Observation_AirTemperature_C0837_2004_08_08_07_30_00"}}},{"timestamp":20000,"binding":{"sensor":{"type":"uri","value":"http://knoesis.wright.edu/ssw/System_C1192"},"obs":{"type":"uri","value":"http://knoesis.wright.edu/ssw/Observation_AirTemperature_C1192_2004_08_08_07_35_00"}}}]}},{"head":{"vars":["sensor","obs"]},"timestamp":21000,"results":{"bindings":[{"timestamp":21000,"binding":{"sensor":{"type":"uri","value":"http://knoesis.wright.edu/ssw/System_C0837"},"obs":{"type":"uri","value":"http://knoesis.wright.edu/ssw/Observation_AirTemperature_C0837_2004_08_08_07_30_00"}}},{"timestamp":21000,"binding":{"sensor":{"type":"uri","value":"http://knoesis.wright.edu/ssw/System_C1192"},"obs":{"type":"uri","value":"http://knoesis.wright.edu/ssw/Observation_AirTemperature_C1192_2004_08_08_07_35_00"}}},{"timestamp":21000,"binding":{"sensor":{"type":"uri","value":"http://knoesis.wright.edu/ssw/System_C0837"},"obs":{"type":"uri","value":"http://knoesis.wright.edu/ssw/Observation_AirTemperature_C0837_2004_08_08_07_45_00"}}}]}},{"head":{"vars":["sensor","obs"]},"timestamp":22000,"results":{"bindings":[{"timestamp":22000,"binding":{"sensor":{"type":"uri","value":"http://knoesis.wright.edu/ssw/System_C0837"},"obs":{"type":"uri","value":"http://knoesis.wright.edu/ssw/Observation_AirTemperature_C0837_2004_08_08_07_30_00"}}},{"timestamp":22000,"binding":{"sensor":{"type":"uri","value":"http://knoesis.wright.edu/ssw/System_C1192"},"obs":{"type":"uri","value":"http://knoesis.wright.edu/ssw/Observation_AirTemperature_C1192_2004_08_08_07_35_00"}}},{"timestamp":22000,"binding":{"sensor":{"type":"uri","value":"http://knoesis.wright.edu/ssw/System_C0837"},"obs":{"type":"uri","value":"http://knoesis.wright.edu/ssw/Observation_AirTemperature_C0837_2004_08_08_07_45_00"}}},{"timestamp":22000,"binding":{"sensor":{"type":"uri","value":"http://knoesis.wright.edu/ssw/System_C1192"},"obs":{"type":"uri","value":"http://knoesis.wright.edu/ssw/Observation_AirTemperature_C1192_2004_08_08_07_50_00"}}}]}},{"head":{"vars":["sensor","obs"]},"timestamp":23000,"results":{"bindings":[{"timestamp":23000,"binding":{"sensor":{"type":"uri","value":"http://knoesis.wright.edu/ssw/System_C1192"},"obs":{"type":"uri","value":"http://knoesis.wright.edu/ssw/Observation_AirTemperature_C1192_2004_08_08_07_35_00"}}},{"timestamp":23000,"binding":{"sensor":{"type":"uri","value":"http://knoesis.wright.edu/ssw/System_C0837"},"obs":{"type":"uri","value":"http://knoesis.wright.edu/ssw/Observation_AirTemperature_C0837_2004_08_08_07_45_00"}}},{"timestamp":23000,"binding":{"sensor":{"type":"uri","value":"http://knoesis.wright.edu/ssw/System_C1192"},"obs":{"type":"uri","value":"http://knoesis.wright.edu/ssw/Observation_AirTemperature_C1192_2004_08_08_07_50_00"}}}]}},{"head":{"vars":["sensor","obs"]},"timestamp":24000,"results":{"bindings":[{"timestamp":24000,"binding":{"sensor":{"type":"uri","value":"http://knoesis.wright.edu/ssw/System_C0837"},"obs":{"type":"uri","value":"http://knoesis.wright.edu/ssw/Observation_AirTemperature_C0837_2004_08_08_07_45_00"}}},{"timestamp":24000,"binding":{"sensor":{"type":"uri","value":"http://knoesis.wright.edu/ssw/System_C1192"},"obs":{"type":"uri","value":"http://knoesis.wright.edu/ssw/Observation_AirTemperature_C1192_2004_08_08_07_50_00"}}},{"timestamp":24000,"binding":{"sensor":{"type":"uri","value":"http://knoesis.wright.edu/ssw/System_C0837"},"obs":{"type":"uri","value":"http://knoesis.wright.edu/ssw/Observation_AirTemperature_C0837_2004_08_08_08_00_00"}}}]}},{"head":{"vars":["sensor","obs"]},"timestamp":25000,"results":{"bindings":[{"timestamp":25000,"binding":{"sensor":{"type":"uri","value":"http://knoesis.wright.edu/ssw/System_C0837"},"obs":{"type":"uri","value":"http://knoesis.wright.edu/ssw/Observation_AirTemperature_C0837_2004_08_08_07_45_00"}}},{"timestamp":25000,"binding":{"sensor":{"type":"uri","value":"http://knoesis.wright.edu/ssw/System_C1192"},"obs":{"type":"uri","value":"http://knoesis.wright.edu/ssw/Observation_AirTemperature_C1192_2004_08_08_07_50_00"}}},{"timestamp":25000,"binding":{"sensor":{"type":"uri","value":"http://knoesis.wright.edu/ssw/System_C0837"},"obs":{"type":"uri","value":"http://knoesis.wright.edu/ssw/Observation_AirTemperature_C0837_2004_08_08_08_00_00"}}},{"timestamp":25000,"binding":{"sensor":{"type":"uri","value":"http://knoesis.wright.edu/ssw/System_C1192"},"obs":{"type":"uri","value":"http://knoesis.wright.edu/ssw/Observation_AirTemperature_C1192_2004_08_08_08_05_00"}}}]}},{"head":{"vars":["sensor","obs"]},"timestamp":26000,"results":{"bindings":[{"timestamp":26000,"binding":{"sensor":{"type":"uri","value":"http://knoesis.wright.edu/ssw/System_C1192"},"obs":{"type":"uri","value":"http://knoesis.wright.edu/ssw/Observation_AirTemperature_C1192_2004_08_08_07_50_00"}}},{"timestamp":26000,"binding":{"sensor":{"type":"uri","value":"http://knoesis.wright.edu/ssw/System_C0837"},"obs":{"type":"uri","value":"http://knoesis.wright.edu/ssw/Observation_AirTemperature_C0837_2004_08_08_08_00_00"}}},{"timestamp":26000,"binding":{"sensor":{"type":"uri","value":"http://knoesis.wright.edu/ssw/System_C1192"},"obs":{"type":"uri","value":"http://knoesis.wright.edu/ssw/Observation_AirTemperature_C1192_2004_08_08_08_05_00"}}}]}},{"head":{"vars":["sensor","obs"]},"timestamp":27000,"results":{"bindings":[{"timestamp":27000,"binding":{"sensor":{"type":"uri","value":"http://knoesis.wright.edu/ssw/System_C0837"},"obs":{"type":"uri","value":"http://knoesis.wright.edu/ssw/Observation_AirTemperature_C0837_2004_08_08_08_00_00"}}},{"timestamp":27000,"binding":{"sensor":{"type":"uri","value":"http://knoesis.wright.edu/ssw/System_C1192"},"obs":{"type":"uri","value":"http://knoesis.wright.edu/ssw/Observation_AirTemperature_C1192_2004_08_08_08_05_00"}}},{"timestamp":27000,"binding":{"sensor":{"type":"uri","value":"http://knoesis.wright.edu/ssw/System_C0837"},"obs":{"type":"uri","value":"http://knoesis.wright.edu/ssw/Observation_AirTemperature_C0837_2004_08_08_08_15_00"}}}]}},{"head":{"vars":["sensor","obs"]},"timestamp":28000,"results":{"bindings":[{"timestamp":28000,"binding":{"sensor":{"type":"uri","value":"http://knoesis.wright.edu/ssw/System_C0837"},"obs":{"type":"uri","value":"http://knoesis.wright.edu/ssw/Observation_AirTemperature_C0837_2004_08_08_08_00_00"}}},{"timestamp":28000,"binding":{"sensor":{"type":"uri","value":"http://knoesis.wright.edu/ssw/System_C1192"},"obs":{"type":"uri","value":"http://knoesis.wright.edu/ssw/Observation_AirTemperature_C1192_2004_08_08_08_05_00"}}},{"timestamp":28000,"binding":{"sensor":{"type":"uri","value":"http://knoesis.wright.edu/ssw/System_C0837"},"obs":{"type":"uri","value":"http://knoesis.wright.edu/ssw/Observation_AirTemperature_C0837_2004_08_08_08_15_00"}}},{"timestamp":28000,"binding":{"sensor":{"type":"uri","value":"http://knoesis.wright.edu/ssw/System_C1192"},"obs":{"type":"uri","value":"http://knoesis.wright.edu/ssw/Observation_AirTemperature_C1192_2004_08_08_08_20_00"}}}]}},{"head":{"vars":["sensor","obs"]},"timestamp":29000,"results":{"bindings":[{"timestamp":29000,"binding":{"sensor":{"type":"uri","value":"http://knoesis.wright.edu/ssw/System_C1192"},"obs":{"type":"uri","value":"http://knoesis.wright.edu/ssw/Observation_AirTemperature_C1192_2004_08_08_08_05_00"}}},{"timestamp":29000,"binding":{"sensor":{"type":"uri","value":"http://knoesis.wright.edu/ssw/System_C0837"},"obs":{"type":"uri","value":"http://knoesis.wright.edu/ssw/Observation_AirTemperature_C0837_2004_08_08_08_15_00"}}},{"timestamp":29000,"binding":{"sensor":{"type":"uri","value":"http://knoesis.wright.edu/ssw/System_C1192"},"obs":{"type":"uri","value":"http://knoesis.wright.edu/ssw/Observation_AirTemperature_C1192_2004_08_08_08_20_00"}}}]}},{"head":{"vars":["sensor","obs"]},"timestamp":30000,"results":{"bindings":[{"timestamp":30000,"binding":{"sensor":{"type":"uri","value":"http://knoesis.wright.edu/ssw/System_C0837"},"obs":{"type":"uri","value":"http://knoesis.wright.edu/ssw/Observation_AirTemperature_C0837_2004_08_08_08_15_00"}}},{"timestamp":30000,"binding":{"sensor":{"type":"uri","value":"http://knoesis.wright.edu/ssw/System_C1192"},"obs":{"type":"uri","value":"http://knoesis.wright.edu/ssw/Observation_AirTemperature_C1192_2004_08_08_08_20_00"}}},{"timestamp":30000,"binding":{"sensor":{"type":"uri","value":"http://knoesis.wright.edu/ssw/System_C0837"},"obs":{"type":"uri","value":"http://knoesis.wright.edu/ssw/Observation_AirTemperature_C0837_2004_08_08_08_30_00"}}}]}},{"head":{"vars":["sensor","obs"]},"timestamp":31000,"results":{"bindings":[{"timestamp":31000,"binding":{"sensor":{"type":"uri","value":"http://knoesis.wright.edu/ssw/System_C0837"},"obs":{"type":"uri","value":"http://knoesis.wright.edu/ssw/Observation_AirTemperature_C0837_2004_08_08_08_15_00"}}},{"timestamp":31000,"binding":{"sensor":{"type":"uri","value":"http://knoesis.wright.edu/ssw/System_C1192"},"obs":{"type":"uri","value":"http://knoesis.wright.edu/ssw/Observation_AirTemperature_C1192_2004_08_08_08_20_00"}}},{"timestamp":31000,"binding":{"sensor":{"type":"uri","value":"http://knoesis.wright.edu/ssw/System_C0837"},"obs":{"type":"uri","value":"http://knoesis.wright.edu/ssw/Observation_AirTemperature_C0837_2004_08_08_08_30_00"}}},{"timestamp":31000,"binding":{"sensor":{"type":"uri","value":"http://knoesis.wright.edu/ssw/System_C1192"},"obs":{"type":"uri","value":"http://knoesis.wright.edu/ssw/Observation_AirTemperature_C1192_2004_08_08_08_35_00"}}}]}},{"head":{"vars":["sensor","obs"]},"timestamp":32000,"results":{"bindings":[{"timestamp":32000,"binding":{"sensor":{"type":"uri","value":"http://knoesis.wright.edu/ssw/System_C1192"},"obs":{"type":"uri","value":"http://knoesis.wright.edu/ssw/Observation_AirTemperature_C1192_2004_08_08_08_20_00"}}},{"timestamp":32000,"binding":{"sensor":{"type":"uri","value":"http://knoesis.wright.edu/ssw/System_C0837"},"obs":{"type":"uri","value":"http://knoesis.wright.edu/ssw/Observation_AirTemperature_C0837_2004_08_08_08_30_00"}}},{"timestamp":32000,"binding":{"sensor":{"type":"uri","value":"http://knoesis.wright.edu/ssw/System_C1192"},"obs":{"type":"uri","value":"http://knoesis.wright.edu/ssw/Observation_AirTemperature_C1192_2004_08_08_08_35_00"}}}]}},{"head":{"vars":["sensor","obs"]},"timestamp":33000,"results":{"bindings":[{"timestamp":33000,"binding":{"sensor":{"type":"uri","value":"http://knoesis.wright.edu/ssw/System_C0837"},"obs":{"type":"uri","value":"http://knoesis.wright.edu/ssw/Observation_AirTemperature_C0837_2004_08_08_08_30_00"}}},{"timestamp":33000,"binding":{"sensor":{"type":"uri","value":"http://knoesis.wright.edu/ssw/System_C1192"},"obs":{"type":"uri","value":"http://knoesis.wright.edu/ssw/Observation_AirTemperature_C1192_2004_08_08_08_35_00"}}},{"timestamp":33000,"binding":{"sensor":{"type":"uri","value":"http://knoesis.wright.edu/ssw/System_C0837"},"obs":{"type":"uri","value":"http://knoesis.wright.edu/ssw/Observation_AirTemperature_C0837_2004_08_08_08_45_00"}}}]}},{"head":{"vars":["sensor","obs"]},"timestamp":34000,"results":{"bindings":[{"timestamp":34000,"binding":{"sensor":{"type":"uri","value":"http://knoesis.wright.edu/ssw/System_C0837"},"obs":{"type":"uri","value":"http://knoesis.wright.edu/ssw/Observation_AirTemperature_C0837_2004_08_08_08_30_00"}}},{"timestamp":34000,"binding":{"sensor":{"type":"uri","value":"http://knoesis.wright.edu/ssw/System_C1192"},"obs":{"type":"uri","value":"http://knoesis.wright.edu/ssw/Observation_AirTemperature_C1192_2004_08_08_08_35_00"}}},{"timestamp":34000,"binding":{"sensor":{"type":"uri","value":"http://knoesis.wright.edu/ssw/System_C0837"},"obs":{"type":"uri","value":"http://knoesis.wright.edu/ssw/Observation_AirTemperature_C0837_2004_08_08_08_45_00"}}},{"timestamp":34000,"binding":{"sensor":{"type":"uri","value":"http://knoesis.wright.edu/ssw/System_C1192"},"obs":{"type":"uri","value":"http://knoesis.wright.edu/ssw/Observation_AirTemperature_C1192_2004_08_08_08_50_00"}}}]}},{"head":{"vars":["sensor","obs"]},"timestamp":35000,"results":{"bindings":[{"timestamp":35000,"binding":{"sensor":{"type":"uri","value":"http://knoesis.wright.edu/ssw/System_C1192"},"obs":{"type":"uri","value":"http://knoesis.wright.edu/ssw/Observation_AirTemperature_C1192_2004_08_08_08_35_00"}}},{"timestamp":35000,"binding":{"sensor":{"type":"uri","value":"http://knoesis.wright.edu/ssw/System_C0837"},"obs":{"type":"uri","value":"http://knoesis.wright.edu/ssw/Observation_AirTemperature_C0837_2004_08_08_08_45_00"}}},{"timestamp":35000,"binding":{"sensor":{"type":"uri","value":"http://knoesis.wright.edu/ssw/System_C1192"},"obs":{"type":"uri","value":"http://knoesis.wright.edu/ssw/Observation_AirTemperature_C1192_2004_08_08_08_50_00"}}}]}},{"head":{"vars":["sensor","obs"]},"timestamp":36000,"results":{"bindings":[{"timestamp":36000,"binding":{"sensor":{"type":"uri","value":"http://knoesis.wright.edu/ssw/System_C0837"},"obs":{"type":"uri","value":"http://knoesis.wright.edu/ssw/Observation_AirTemperature_C0837_2004_08_08_08_45_00"}}},{"timestamp":36000,"binding":{"sensor":{"type":"uri","value":"http://knoesis.wright.edu/ssw/System_C1192"},"obs":{"type":"uri","value":"http://knoesis.wright.edu/ssw/Observation_AirTemperature_C1192_2004_08_08_08_50_00"}}}]}},{"head":{"vars":["sensor","obs"]},"timestamp":37000,"results":{"bindings":[{"timestamp":37000,"binding":{"sensor":{"type":"uri","value":"http://knoesis.wright.edu/ssw/System_C0837"},"obs":{"type":"uri","value":"http://knoesis.wright.edu/ssw/Observation_AirTemperature_C0837_2004_08_08_08_45_00"}}},{"timestamp":37000,"binding":{"sensor":{"type":"uri","value":"http://knoesis.wright.edu/ssw/System_C1192"},"obs":{"type":"uri","value":"http://knoesis.wright.edu/ssw/Observation_AirTemperature_C1192_2004_08_08_08_50_00"}}}]}},{"head":{"vars":["sensor","obs"]},"timestamp":37000,"results":{"bindings":[{"timestamp":37000,"binding":{"sensor":{"type":"uri","value":"http://knoesis.wright.edu/ssw/System_C1192"},"obs":{"type":"uri","value":"http://knoesis.wright.edu/ssw/Observation_AirTemperature_C1192_2004_08_08_08_50_00"}}}]}}]}