{"relations":[{"head":{"vars":["ob1","sensor","value1","obs"]},"timestamp":18000,"results":{"bindings":[{"timestamp":18000,"binding":{"ob1":{"type":"uri","value":"http://knoesis.wright.edu/ssw/Observation_AirTemperature_C0964_2004_08_08_07_20_00"},"sensor":{"type":"uri","value":"http://knoesis.wright.edu/ssw/System_C0964"},"value1":{"type":"literal","datatype":"http://www.w3.org/2001/XMLSchema#double","value":"77.0"},"obs":{"type":"uri","value":"http://knoesis.wright.edu/ssw/Observation_AirTemperature_C0964_2004_08_08_07_30_00"}}},{"timestamp":18000,"binding":{"ob1":{"type":"uri","value":"http://knoesis.wright.edu/ssw/Observation_AirTemperature_C1190_2004_08_08_07_15_00"},"sensor":{"type":"uri","value":"http://knoesis.wright.edu/ssw/System_C1190"},"value1":{"type":"literal","datatype":"http://www.w3.org/2001/XMLSchema#double","value":"80.0"},"obs":{"type":"uri","value":"http://knoesis.wright.edu/ssw/Observation_AirTemperature_C1190_2004_08_08_07_30_00"}}},{"timestamp":18000,"binding":{"ob1":{"type":"uri","value":"http://knoesis.wright.edu/ssw/Observation_AirTemperature_C1204_2004_08_08_07_15_00"},"sensor":{"type":"uri","value":"http://knoesis.wright.edu/ssw/System_C1204"},"value1":{"type":"literal","datatype":"http://www.w3.org/2001/XMLSchema#double","value":"77.0"},"obs":{"type":"uri","value":"http://knoesis.wright.edu/ssw/Observation_AirTemperature_C1204_2004_08_08_07_30_00"}}}]}},{"head":{"vars":["ob1","sensor","value1","obs"]},"timestamp":28000,"results":{"bindings":[{"timestamp":28000,"binding":{"ob1":{"type":"uri","value":"http://knoesis.wright.edu/ssw/Observation_AirTemperature_C1231_2004_08_08_08_20_00"},"sensor":{"type":"uri","value":"http://knoesis.wright.edu/ssw/System_C1231"},"value1":{"type":"literal","datatype":"http://www.w3.org/2001/XMLSchema#double","value":"78.0"},"obs":{"type":"uri","value":"http://knoesis.wright.edu/ssw/Observation_AirTemperature_C1231_2004_08_08_08_00_00"}}},{"timestamp":28000,"binding":{"ob1":{"type":"uri","value":"http://knoesis.wright.edu/ssw/Observation_AirTemperature_C1141_2004_08_08_08_00_00"},"sensor":{"type":"uri","value":"http://knoesis.wright.edu/ssw/System_C1141"},"value1":{"type":"literal","datatype":"http://www.w3.org/2001/XMLSchema#double","value":"78.0"},"obs":{"type":"uri","value":"http://knoesis.wright.edu/ssw/Observation_AirTemperature_C1141_2004_08_08_08_15_00"}}},{"timestamp":28000,"binding":{"ob1":{"type":"uri","value":"http://knoesis.wright.edu/ssw/Observation_AirTemperature_C1190_2004_08_08_08_00_00"},"sensor":{"type":"uri","value":"http://knoesis.wright.edu/ssw/System_C1190"},"value1":{"type":"literal","datatype":"http://www.w3.org/2001/XMLSchema#double","value":"78.0"},"obs":{"type":"uri","value":"http://knoesis.wright.edu/ssw/Observation_AirTemperature_C1190_2004_08_08_08_15_00"}}}]}},{"head":{"vars":["ob1","sensor","value1","obs"]},"timestamp":32000,"results":{"bindings":[{"timestamp":32000,"binding":{"ob1":{"type":"uri","value":"http://knoesis.wright.edu/ssw/Observation_AirTemperature_C1122_2004_08_08_08_45_00"},"sensor":{"type":"uri","value":"http://knoesis.wright.edu/ssw/System_C1122"},"value1":{"type":"literal","datatype":"http://www.w3.org/2001/XMLSchema#double","value":"80.0"},"obs":{"type":"uri","value":"http://knoesis.wright.edu/ssw/Observation_AirTemperature_C1122_2004_08_08_08_30_00"}}}]}}]}