{"relations":[{"head":{"vars":["ob1","sensor"]},"timestamp":19000,"results":{"bindings":[{"timestamp":19000,"binding":{"ob1":{"type":"uri","value":"http://knoesis.wright.edu/ssw/Observation_AirTemperature_C1190_2004_08_08_07_15_00"},"sensor":{"type":"uri","value":"http://knoesis.wright.edu/ssw/System_C1190"}}},{"timestamp":19000,"binding":{"ob1":{"type":"uri","value":"http://knoesis.wright.edu/ssw/Observation_AirTemperature_C1192_2004_08_08_07_20_00"},"sensor":{"type":"uri","value":"http://knoesis.wright.edu/ssw/System_C1192"}}},{"timestamp":19000,"binding":{"ob1":{"type":"uri","value":"http://knoesis.wright.edu/ssw/Observation_AirTemperature_C1192_2004_08_08_07_35_00"},"sensor":{"type":"uri","value":"http://knoesis.wright.edu/ssw/System_C1192"}}},{"timestamp":19000,"binding":{"ob1":{"type":"uri","value":"http://knoesis.wright.edu/ssw/Observation_AirTemperature_C0837_2004_08_08_07_15_00"},"sensor":{"type":"uri","value":"http://knoesis.wright.edu/ssw/System_C0837"}}},{"timestamp":19000,"binding":{"ob1":{"type":"uri","value":"http://knoesis.wright.edu/ssw/Observation_AirTemperature_C0837_2004_08_08_07_30_00"},"sensor":{"type":"uri","value":"http://knoesis.wright.edu/ssw/System_C0837"}}},{"timestamp":19000,"binding":{"ob1":{"type":"uri","value":"http://knoesis.wright.edu/ssw/Observation_AirTemperature_C1192_2004_08_08_07_20_00"},"sensor":{"type":"uri","value":"http://knoesis.wright.edu/ssw/System_C1192"}}},{"timestamp":19000,"binding":{"ob1":{"type":"uri","value":"http://knoesis.wright.edu/ssw/Observation_AirTemperature_C1192_2004_08_08_07_35_00"},"sensor":{"type":"uri","value":"http://knoesis.wright.edu/ssw/System_C1192"}}},{"timestamp":19000,"binding":{"ob1":{"type":"uri","value":"http://knoesis.wright.edu/ssw/Observation_AirTemperature_C0837_2004_08_08_07_15_00"},"sensor":{"type":"uri","value":"http://knoesis.wright.edu/ssw/System_C0837"}}},{"timestamp":19000,"binding":{"ob1":{"type":"uri","value":"http://knoesis.wright.edu/ssw/Observation_AirTemperature_C0837_2004_08_08_07_30_00"},"sensor":{"type":"uri","value":"http://knoesis.wright.edu/ssw/System_C0837"}}}]}},{"head":{"vars":["ob1","sensor"]},"timestamp":24000,"results":{"bindings":[{"timestamp":24000,"binding":{"ob1":{"type":"uri","value":"http://knoesis.wright.edu/ssw/Observation_AirTemperature_C1190_2004_08_08_07_45_00"},"sensor":{"type":"uri","value":"http://knoesis.wright.edu/ssw/System_C1190"}}},{"timestamp":24000,"binding":{"ob1":{"type":"uri","value":"http://knoesis.wright.edu/ssw/Observation_AirTemperature_C1192_2004_08_08_07_50_00"},"sensor":{"type":"uri","value":"http://knoesis.wright.edu/ssw/System_C1192"}}},{"timestamp":24000,"binding":{"ob1":{"type":"uri","value":"http://knoesis.wright.edu/ssw/Observation_AirTemperature_C0837_2004_08_08_07_45_00"},"sensor":{"type":"uri","value":"http://knoesis.wright.edu/ssw/System_C0837"}}},{"timestamp":24000,"binding":{"ob1":{"type":"uri","value":"http://knoesis.wright.edu/ssw/Observation_AirTemperature_C0837_2004_08_08_08_00_00"},"sensor":{"type":"uri","value":"http://knoesis.wright.edu/ssw/System_C0837"}}},{"timestamp":24000,"binding":{"ob1":{"type":"uri","value":"http://knoesis.wright.edu/ssw/Observation_AirTemperature_C1192_2004_08_08_07_50_00"},"sensor":{"type":"uri","value":"http://knoesis.wright.edu/ssw/System_C1192"}}},{"timestamp":24000,"binding":{"ob1":{"type":"uri","value":"http://knoesis.wright.edu/ssw/Observation_AirTemperature_C0837_2004_08_08_07_45_00"},"sensor":{"type":"uri","value":"http://knoesis.wright.edu/ssw/System_C0837"}}},{"timestamp":24000,"binding":{"ob1":{"type":"uri","value":"http://knoesis.wright.edu/ssw/Observation_AirTemperature_C0837_2004_08_08_08_00_00"},"sensor":{"type":"uri","value":"http://knoesis.wright.edu/ssw/System_C0837"}}}]}},{"head":{"vars":["ob1","sensor"]},"timestamp":29000,"results":{"bindings":[{"timestamp":29000,"binding":{"ob1":{"type":"uri","value":"http://knoesis.wright.edu/ssw/Observation_AirTemperature_C0694_2004_08_08_08_05_00"},"sensor":{"type":"uri","value":"http://knoesis.wright.edu/ssw/System_C0694"}}},{"timestamp":29000,"binding":{"ob1":{"type":"uri","value":"http://knoesis.wright.edu/ssw/Observation_AirTemperature_C1122_2004_08_08_08_15_00"},"sensor":{"type":"uri","value":"http://knoesis.wright.edu/ssw/System_C1122"}}},{"timestamp":29000,"binding":{"ob1":{"type":"uri","value":"http://knoesis.wright.edu/ssw/Observation_AirTemperature_C0694_2004_08_08_08_20_00"},"sensor":{"type":"uri","value":"http://knoesis.wright.edu/ssw/System_C0694"}}},{"timestamp":29000,"binding":{"ob1":{"type":"uri","value":"http://knoesis.wright.edu/ssw/Observation_AirTemperature_C1231_2004_08_08_08_20_00"},"sensor":{"type":"uri","value":"http://knoesis.wright.edu/ssw/System_C1231"}}},{"timestamp":29000,"binding":{"ob1":{"type":"uri","value":"http://knoesis.wright.edu/ssw/Observation_AirTemperature_C0958_2004_08_08_08_10_00"},"sensor":{"type":"uri","value":"http://knoesis.wright.edu/ssw/System_C0958"}}},{"timestamp":29000,"binding":{"ob1":{"type":"uri","value":"http://knoesis.wright.edu/ssw/Observation_AirTemperature_C1192_2004_08_08_08_05_00"},"sensor":{"type":"uri","value":"http://knoesis.wright.edu/ssw/System_C1192"}}},{"timestamp":29000,"binding":{"ob1":{"type":"uri","value":"http://knoesis.wright.edu/ssw/Observation_AirTemperature_C1192_2004_08_08_08_20_00"},"sensor":{"type":"uri","value":"http://knoesis.wright.edu/ssw/System_C1192"}}},{"timestamp":29000,"binding":{"ob1":{"type":"uri","value":"http://knoesis.wright.edu/ssw/Observation_AirTemperature_C0837_2004_08_08_08_15_00"},"sensor":{"type":"uri","value":"http://knoesis.wright.edu/ssw/System_C0837"}}}]}},{"head":{"vars":["ob1","sensor"]},"timestamp":34000,"results":{"bindings":[{"timestamp":34000,"binding":{"ob1":{"type":"uri","value":"http://knoesis.wright.edu/ssw/Observation_AirTemperature_C1231_2004_08_08_08_30_00"},"sensor":{"type":"uri","value":"http://knoesis.wright.edu/ssw/System_C1231"}}},{"timestamp":34000,"binding":{"ob1":{"type":"uri","value":"http://knoesis.wright.edu/ssw/Observation_AirTemperature_C0694_2004_08_08_08_35_00"},"sensor":{"type":"uri","value":"http://knoesis.wright.edu/ssw/System_C0694"}}},{"timestamp":34000,"binding":{"ob1":{"type":"uri","value":"http://knoesis.wright.edu/ssw/Observation_AirTemperature_C0694_2004_08_08_08_40_00"},"sensor":{"type":"uri","value":"http://knoesis.wright.edu/ssw/System_C0694"}}},{"timestamp":34000,"binding":{"ob1":{"type":"uri","value":"http://knoesis.wright.edu/ssw/Observation_AirTemperature_C1122_2004_08_08_08_30_00"},"sensor":{"type":"uri","value":"http://knoesis.wright.edu/ssw/System_C1122"}}},{"timestamp":34000,"binding":{"ob1":{"type":"uri","value":"http://knoesis.wright.edu/ssw/Observation_AirTemperature_C0958_2004_08_08_08_30_00"},"sensor":{"type":"uri","value":"http://knoesis.wright.edu/ssw/System_C0958"}}},{"timestamp":34000,"binding":{"ob1":{"type":"uri","value":"http://knoesis.wright.edu/ssw/Observation_AirTemperature_C0958_2004_08_08_08_40_00"},"sensor":{"type":"uri","value":"http://knoesis.wright.edu/ssw/System_C0958"}}},{"timestamp":34000,"binding":{"ob1":{"type":"uri","value":"http://knoesis.wright.edu/ssw/Observation_AirTemperature_C1122_2004_08_08_08_45_00"},"sensor":{"type":"uri","value":"http://knoesis.wright.edu/ssw/System_C1122"}}},{"timestamp":34000,"binding":{"ob1":{"type":"uri","value":"http://knoesis.wright.edu/ssw/Observation_AirTemperature_C1192_2004_08_08_08_35_00"},"sensor":{"type":"uri","value":"http://knoesis.wright.edu/ssw/System_C1192"}}},{"timestamp":34000,"binding":{"ob1":{"type":"uri","value":"http://knoesis.wright.edu/ssw/Observation_AirTemperature_C1192_2004_08_08_08_50_00"},"sensor":{"type":"uri","value":"http://knoesis.wright.edu/ssw/System_C1192"}}},{"timestamp":34000,"binding":{"ob1":{"type":"uri","value":"http://knoesis.wright.edu/ssw/Observation_AirTemperature_C0837_2004_08_08_08_30_00"},"sensor":{"type":"uri","value":"http://knoesis.wright.edu/ssw/System_C0837"}}},{"timestamp":34000,"binding":{"ob1":{"type":"uri","value":"http://knoesis.wright.edu/ssw/Observation_AirTemperature_C0837_2004_08_08_08_45_00"},"sensor":{"type":"uri","value":"http://knoesis.wright.edu/ssw/System_C0837"}}},{"timestamp":34000,"binding":{"ob1":{"type":"uri","value":"http://knoesis.wright.edu/ssw/Observation_AirTemperature_C1231_2004_08_08_08_30_00"},"sensor":{"type":"uri","value":"http://knoesis.wright.edu/ssw/System_C1231"}}},{"timestamp":34000,"binding":{"ob1":{"type":"uri","value":"http://knoesis.wright.edu/ssw/Observation_AirTemperature_C0694_2004_08_08_08_35_00"},"sensor":{"type":"uri","value":"http://knoesis.wright.edu/ssw/System_C0694"}}},{"timestamp":34000,"binding":{"ob1":{"type":"uri","value":"http://knoesis.wright.edu/ssw/Observation_AirTemperature_C0694_2004_08_08_08_40_00"},"sensor":{"type":"uri","value":"http://knoesis.wright.edu/ssw/System_C0694"}}},{"timestamp":34000,"binding":{"ob1":{"type":"uri","value":"http://knoesis.wright.edu/ssw/Observation_AirTemperature_C1122_2004_08_08_08_30_00"},"sensor":{"type":"uri","value":"http://knoesis.wright.edu/ssw/System_C1122"}}},{"timestamp":34000,"binding":{"ob1":{"type":"uri","value":"http://knoesis.wright.edu/ssw/Observation_AirTemperature_C0958_2004_08_08_08_30_00"},"sensor":{"type":"uri","value":"http://knoesis.wright.edu/ssw/System_C0958"}}},{"timestamp":34000,"binding":{"ob1":{"type":"uri","value":"http://knoesis.wright.edu/ssw/Observation_AirTemperature_C0958_2004_08_08_08_40_00"},"sensor":{"type":"uri","value":"http://knoesis.wright.edu/ssw/System_C0958"}}},{"timestamp":34000,"binding":{"ob1":{"type":"uri","value":"http://knoesis.wright.edu/ssw/Observation_AirTemperature_C1122_2004_08_08_08_45_00"},"sensor":{"type":"uri","value":"http://knoesis.wright.edu/ssw/System_C1122"}}},{"timestamp":34000,"binding":{"ob1":{"type":"uri","value":"http://knoesis.wright.edu/ssw/Observation_AirTemperature_C1192_2004_08_08_08_35_00"},"sensor":{"type":"uri","value":"http://knoesis.wright.edu/ssw/System_C1192"}}},{"timestamp":34000,"binding":{"ob1":{"type":"uri","value":"http://knoesis.wright.edu/ssw/Observation_AirTemperature_C1192_2004_08_08_08_50_00"},"sensor":{"type":"uri","value":"http://knoesis.wright.edu/ssw/System_C1192"}}},{"timestamp":34000,"binding":{"ob1":{"type":"uri","value":"http://knoesis.wright.edu/ssw/Observation_AirTemperature_C0837_2004_08_08_08_30_00"},"sensor":{"type":"uri","value":"http://knoesis.wright.edu/ssw/System_C0837"}}},{"timestamp":34000,"binding":{"ob1":{"type":"uri","value":"http://knoesis.wright.edu/ssw/Observation_AirTemperature_C0837_2004_08_08_08_45_00"},"sensor":{"type":"uri","value":"http://knoesis.wright.edu/ssw/System_C0837"}}}]}}]}