{"relations":[{"head":{"vars":["avg"]},"timestamp":16000,"results":{"bindings":[{"timestamp":16000,"binding":{"avg":{"type":"literal","datatype":"http://www.w3.org/2001/XMLSchema#double","value":"87.66666666666667"}}}]}},{"head":{"vars":["avg"]},"timestamp":20000,"results":{"bindings":[{"timestamp":20000,"binding":{"avg":{"type":"literal","datatype":"http://www.w3.org/2001/XMLSchema#double","value":"90.0"}}}]}},{"head":{"vars":["avg"]},"timestamp":24000,"results":{"bindings":[{"timestamp":24000,"binding":{"avg":{"type":"literal","datatype":"http://www.w3.org/2001/XMLSchema#double","value":"92.33333333333333"}}}]}},{"head":{"vars":["avg"]},"timestamp":28000,"results":{"bindings":[{"timestamp":28000,"binding":{"avg":{"type":"literal","datatype":"http://www.w3.org/2001/XMLSchema#double","value":"87.66666666666667"}}}]}},{"head":{"vars":["avg"]},"timestamp":32000,"results":{"bindings":[{"timestamp":32000,"binding":{"avg":{"type":"literal","datatype":"http://www.w3.org/2001/XMLSchema#double","value":"90.0"}}}]}},{"head":{"vars":["avg"]},"timestamp":36000,"results":{"bindings":[{"timestamp":36000,"binding":{"avg":{"type":"literal","datatype":"http://www.w3.org/2001/XMLSchema#double","value":"90.0"}}}]}},{"head":{"vars":["avg"]},"timestamp":39000,"results":{"bindings":[{"timestamp":39000,"binding":{"avg":{"type":"literal","value":"null"}}}]}},{"head":{"vars":["avg"]},"timestamp":43000,"results":{"bindings":[{"timestamp":43000,"binding":{"avg":{"type":"literal","value":"null"}}}]}},{"head":{"vars":["avg"]},"timestamp":47000,"results":{"bindings":[{"timestamp":47000,"binding":{"avg":{"type":"literal","value":"null"}}}]}}]}