{"relations":[{"head":{"vars":["sensor","value","obs"]},"timestamp":19000,"results":{"bindings":[{"timestamp":19000,"binding":{"sensor":{"type":"uri","value":"http://knoesis.wright.edu/ssw/System_C1231"},"value":{"type":"literal","datatype":"http://www.w3.org/2001/XMLSchema#double","value":"43.0"},"obs":{"type":"uri","value":"http://knoesis.wright.edu/ssw/Observation_RelativeHumidity_C1231_2004_08_08_07_20_00"}}},{"timestamp":19000,"binding":{"sensor":{"type":"uri","value":"http://knoesis.wright.edu/ssw/System_C1231"},"value":{"type":"literal","datatype":"http://www.w3.org/2001/XMLSchema#double","value":"45.0"},"obs":{"type":"uri","value":"http://knoesis.wright.edu/ssw/Observation_RelativeHumidity_C1231_2004_08_08_07_30_00"}}}]}},{"head":{"vars":["sensor","value","obs"]},"timestamp":23000,"results":{"bindings":[{"timestamp":23000,"binding":{"sensor":{"type":"uri","value":"http://knoesis.wright.edu/ssw/System_C1190"},"value":{"type":"literal","datatype":"http://www.w3.org/2001/XMLSchema#double","value":"25.0"},"obs":{"type":"uri","value":"http://knoesis.wright.edu/ssw/Observation_RelativeHumidity_C1190_2004_08_08_07_45_00"}}}]}},{"head":{"vars":["sensor","value","obs"]},"timestamp":27000,"results":{"bindings":[{"timestamp":27000,"binding":{"sensor":{"type":"uri","value":"http://knoesis.wright.edu/ssw/System_C1415"},"value":{"type":"literal","datatype":"http://www.w3.org/2001/XMLSchema#double","value":"28.0"},"obs":{"type":"uri","value":"http://knoesis.wright.edu/ssw/Observation_RelativeHumidity_C1415_2004_08_08_08_10_00"}}},{"timestamp":27000,"binding":{"sensor":{"type":"uri","value":"http://knoesis.wright.edu/ssw/System_C1190"},"value":{"type":"literal","datatype":"http://www.w3.org/2001/XMLSchema#double","value":"27.0"},"obs":{"type":"uri","value":"http://knoesis.wright.edu/ssw/Observation_RelativeHumidity_C1190_2004_08_08_08_15_00"}}},{"timestamp":27000,"binding":{"sensor":{"type":"uri","value":"http://knoesis.wright.edu/ssw/System_C1122"},"value":{"type":"literal","datatype":"http://www.w3.org/2001/XMLSchema#double","value":"31.0"},"obs":{"type":"uri","value":"http://knoesis.wright.edu/ssw/Observation_RelativeHumidity_C1122_2004_08_08_08_15_00"}}}]}},{"head":{"vars":["sensor","value","obs"]},"timestamp":31000,"results":{"bindings":[{"timestamp":31000,"binding":{"sensor":{"type":"uri","value":"http://knoesis.wright.edu/ssw/System_C0810"},"value":{"type":"literal","datatype":"http://www.w3.org/2001/XMLSchema#double","value":"47.0"},"obs":{"type":"uri","value":"http://knoesis.wright.edu/ssw/Observation_RelativeHumidity_C0810_2004_08_08_08_25_00"}}},{"timestamp":31000,"binding":{"sensor":{"type":"uri","value":"http://knoesis.wright.edu/ssw/System_C1415"},"value":{"type":"literal","datatype":"http://www.w3.org/2001/XMLSchema#double","value":"28.0"},"obs":{"type":"uri","value":"http://knoesis.wright.edu/ssw/Observation_RelativeHumidity_C1415_2004_08_08_08_30_00"}}},{"timestamp":31000,"binding":{"sensor":{"type":"uri","value":"http://knoesis.wright.edu/ssw/System_C1122"},"value":{"type":"literal","datatype":"http://www.w3.org/2001/XMLSchema#double","value":"28.0"},"obs":{"type":"uri","value":"http://knoesis.wright.edu/ssw/Observation_RelativeHumidity_C1122_2004_08_08_08_30_00"}}}]}},{"head":{"vars":["sensor","value","obs"]},"timestamp":35000,"results":{"bindings":[{"timestamp":35000,"binding":{"sensor":{"type":"uri","value":"http://knoesis.wright.edu/ssw/System_C1415"},"value":{"type":"literal","datatype":"http://www.w3.org/2001/XMLSchema#double","value":"28.0"},"obs":{"type":"uri","value":"http://knoesis.wright.edu/ssw/Observation_RelativeHumidity_C1415_2004_08_08_08_40_00"}}},{"timestamp":35000,"binding":{"sensor":{"type":"uri","value":"http://knoesis.wright.edu/ssw/System_C1190"},"value":{"type":"literal","datatype":"http://www.w3.org/2001/XMLSchema#double","value":"29.0"},"obs":{"type":"uri","value":"http://knoesis.wright.edu/ssw/Observation_RelativeHumidity_C1190_2004_08_08_08_45_00"}}},{"timestamp":35000,"binding":{"sensor":{"type":"uri","value":"http://knoesis.wright.edu/ssw/System_C1122"},"value":{"type":"literal","datatype":"http://www.w3.org/2001/XMLSchema#double","value":"31.0"},"obs":{"type":"uri","value":"http://knoesis.wright.edu/ssw/Observation_RelativeHumidity_C1122_2004_08_08_08_45_00"}}}]}}]}